full_equity,full_drawdown,fng_equity,fng_drawdown
1.00697807,0.00000000,1.00697807,0.00000000
1.01893977,0.00000000,1.01893977,0.00000000
1.02471280,0.00000000,1.02471280,0.00000000
1.01929398,-0.00528814,1.02910690,0.00000000
1.02227860,-0.00237549,1.02609354,-0.00292813
1.02346198,-0.00122065,1.02830743,-0.00077686
1.03065259,0.00000000,1.02005447,-0.00879640
1.03249229,0.00000000,1.02289531,-0.00603591
1.02735996,-0.00497081,1.01781069,-0.01097672
1.03352115,0.00000000,1.02391461,-0.00504544
1.03212607,-0.00134983,1.02427281,-0.00469737
1.02691558,-0.00639133,1.02944365,0.00000000
1.02936354,-0.00402276,1.02698966,-0.00238381
1.03820475,0.00000000,1.03478348,0.00000000
1.03891528,0.00000000,1.03549167,0.00000000
1.03936582,0.00000000,1.03400712,-0.00143366
1.03885074,-0.00049557,1.03451955,-0.00093880
1.05581182,0.00000000,1.01762919,-0.01725024
1.05316479,-0.00250710,1.01609552,-0.01873135
1.06136315,0.00000000,1.02400531,-0.01109266
1.06395083,0.00000000,1.02650191,-0.00868164
1.06233306,-0.00152052,1.02494109,-0.01018896
1.05245352,-0.01080623,1.03344794,-0.00197368
1.06962043,0.00000000,1.04927139,0.00000000
1.08257308,0.00000000,1.06197762,0.00000000
1.08402787,0.00000000,1.06340474,0.00000000
1.07957545,-0.00410729,1.06670905,0.00000000
1.08976818,0.00000000,1.05663780,-0.00944142
1.08095847,-0.00808402,1.06517968,-0.00143373
1.08440969,-0.00491709,1.06177884,-0.00462189
1.09372237,0.00000000,1.06983539,0.00000000
1.10059028,0.00000000,1.07655331,0.00000000
1.10378569,0.00000000,1.07967893,0.00000000
1.10311511,-0.00060753,1.07902300,-0.00060753
1.10576414,0.00000000,1.08161417,0.00000000
1.09451902,-0.01016955,1.09153209,0.00000000
1.09490936,-0.00981655,1.09301289,0.00000000
1.09379880,-0.01082088,1.09190426,-0.00101429
1.09159156,-0.01281701,1.09301578,0.00000000
1.09049210,-0.01381130,1.09082188,-0.00200720
1.08846906,-0.01564085,1.08879822,-0.00385865
1.09506273,-0.00967785,1.09539388,0.00000000
1.09930903,-0.00583770,1.09964147,0.00000000
1.10474381,-0.00092274,1.10507789,0.00000000
1.09620215,-0.00864741,1.09653366,-0.00773180
1.10202586,-0.00338073,1.10235912,-0.00246025
1.08792348,-0.01613424,1.08825248,-0.01522554
1.08275336,-0.02080985,1.09233592,-0.01153039
1.08153416,-0.02191243,1.09219827,-0.01165495
1.06571852,-0.03621534,1.10707765,0.00000000
1.06951031,-0.03278622,1.10313870,-0.00355797
1.07267103,-0.02992782,1.09987861,-0.00650274
1.07148357,-0.03100171,1.10109619,-0.00540293
1.05809937,-0.04310573,1.11485028,0.00000000
1.06179640,-0.03976232,1.11095497,-0.00349402
1.07044593,-0.03194010,1.10190498,-0.01161169
1.06900057,-0.03324721,1.10339282,-0.01027713
1.07101365,-0.03142668,1.10131498,-0.01214091
1.07342021,-0.02925030,1.09884033,-0.01436063
1.07123738,-0.03122435,1.10107486,-0.01235630
1.07515875,-0.02767805,1.09704426,-0.01597167
1.07738138,-0.02566800,1.09477638,-0.01800592
1.07378275,-0.02892244,1.09843312,-0.01472589
1.07920483,-0.02401897,1.10288124,-0.01073601
1.07601122,-0.02690711,1.09961757,-0.01366346
1.07905702,-0.02415264,1.10273019,-0.01087150
1.10641273,0.00000000,1.13068605,0.00000000
1.11083015,0.00000000,1.12504102,-0.00499256
1.10010717,-0.00965312,1.13590118,0.00000000
1.09307631,-0.01598250,1.14316081,0.00000000
1.08486758,-0.02337222,1.15174566,0.00000000
1.09586875,-0.01346867,1.16457676,0.00000000
1.08673283,-0.02169307,1.15486804,-0.00833669
1.08493060,-0.02331549,1.15562840,-0.00768379
1.08989528,-0.01884615,1.16207222,-0.00215060
1.08885257,-0.01978483,1.16202191,-0.00219380
1.09069788,-0.01812362,1.16515325,0.00000000
1.09492282,-0.01432022,1.16966660,0.00000000
1.09666198,-0.01275458,1.17152448,0.00000000
1.09485814,-0.01437845,1.16959750,-0.00164485
1.09402220,-0.01513098,1.16870449,-0.00240711
1.09355387,-0.01555258,1.16820420,-0.00283415
1.09625014,-0.01312533,1.17108452,-0.00037554
1.09933487,-0.01034837,1.17437983,0.00000000
1.09507157,-0.01418630,1.17775978,0.00000000
1.10081479,-0.00901610,1.17158289,-0.00524461
1.10159456,-0.00831414,1.17124120,-0.00553473
1.09946636,-0.01022999,1.16897845,-0.00745596
1.12212962,0.00000000,1.19307456,0.00000000
1.12084493,-0.00114487,1.19170864,-0.00114487
1.13047541,0.00000000,1.20194800,0.00000000
1.14802277,0.00000000,1.22060477,0.00000000
1.14076376,-0.00632306,1.21288681,-0.00632306
1.13697937,-0.00961949,1.20886317,-0.00961949
1.14047369,-0.00657573,1.21257840,-0.00657573
1.13498559,-0.01135621,1.20674333,-0.01135621
1.14029206,-0.00673394,1.21238529,-0.00673394
1.14805404,0.00000000,1.22063801,0.00000000
1.14229866,-0.00501316,1.21451875,-0.00501316
1.13941948,-0.00752104,1.21145754,-0.00752104
1.13739123,-0.00928773,1.20930106,-0.00928773
1.13123023,-0.01465420,1.21464228,-0.00491196
1.14151677,-0.00569421,1.20359724,-0.01396054
1.14253811,-0.00480459,1.20252037,-0.01484276
1.15082407,0.00000000,1.19379940,-0.02198736
1.15324349,0.00000000,1.19128963,-0.02404347
1.16111957,0.00000000,1.18315371,-0.03070878
1.15981691,-0.00112190,1.18064317,-0.03276552
1.16233552,0.00000000,1.17689869,-0.03583316
1.17455823,0.00000000,1.16452284,-0.04597200
1.19016162,0.00000000,1.17882839,-0.03425227
1.18313143,-0.00590692,1.18461280,-0.02951342
1.18150293,-0.00727522,1.18624334,-0.02817762
1.17704145,-0.01102385,1.18057772,-0.03281914
1.17220974,-0.01508356,1.17573149,-0.03678939
1.18282959,-0.00616053,1.18638324,-0.02806300
1.17344988,-0.01404157,1.17697535,-0.03577035
1.17175107,-0.01546895,1.17750229,-0.03533866
1.17051888,-0.01650426,1.17638553,-0.03625357
1.17320325,-0.01424879,1.17790696,-0.03500714
1.17539445,-0.01240770,1.17452907,-0.03777446
1.16678885,-0.01963831,1.18312833,-0.03072957
1.16613699,-0.02018602,1.18378933,-0.03018805
1.16664071,-0.01976279,1.18327798,-0.03060697
1.17171420,-0.01549993,1.18724055,-0.02736066
1.17714855,-0.01093387,1.18054694,-0.03284435
1.17413603,-0.01346505,1.18356815,-0.03036925
1.16962335,-0.01725670,1.18020279,-0.03312630
1.17207935,-0.01519312,1.17654438,-0.03612343
1.18462620,-0.00465098,1.16394974,-0.04644151
1.18265711,-0.00630545,1.16085107,-0.04898007
1.18862778,-0.00128877,1.15382965,-0.05473233
1.20212768,0.00000000,1.16578050,-0.04494167
1.18139891,-0.01724341,1.14567848,-0.06141013
1.19017057,-0.00994663,1.15418492,-0.05444127
1.18093240,-0.01763147,1.14522607,-0.06178075
1.19217306,-0.00828084,1.15612686,-0.05285035
1.20807597,0.00000000,1.17154894,-0.04021591
1.20293564,-0.00425497,1.16656403,-0.04429977
1.20448734,-0.00297054,1.16806881,-0.04306699
1.19720914,-0.00899515,1.17395887,-0.03824159
1.19961999,-0.00699954,1.17159485,-0.04017830
1.20113685,-0.00574394,1.17011342,-0.04139195
1.20159040,-0.00536851,1.16967159,-0.04175392
1.18895397,-0.01582847,1.15854050,-0.05087299
1.20124121,-0.00565756,1.17051343,-0.04106425
1.20368091,-0.00363807,1.17289072,-0.03911666
1.20772449,-0.00029094,1.16777769,-0.04330548
1.20618608,-0.00156438,1.16926522,-0.04208684
1.21403165,0.00000000,1.16165979,-0.04831754
1.21224266,-0.00147360,1.16337161,-0.04691514
1.20750589,-0.00537529,1.16791742,-0.04319101
1.20822097,-0.00478627,1.16722579,-0.04375763
1.19426584,-0.01628114,1.18070741,-0.03271289
1.19239281,-0.01782395,1.18255917,-0.03119585
1.21235951,-0.00137735,1.20117864,-0.01594196
1.22300099,0.00000000,1.21172199,-0.00730440
1.22311026,0.00000000,1.21183025,-0.00721570
1.22076949,-0.00191379,1.21293761,-0.00630850
1.22121036,-0.00155334,1.21249957,-0.00666737
1.21630815,-0.00556133,1.21736681,-0.00267991
1.21998741,-0.00255321,1.21368435,-0.00569675
1.23558736,0.00000000,1.19816500,-0.01841087
1.23709994,0.00000000,1.19669822,-0.01961252
1.23400996,-0.00249776,1.19251246,-0.02304168
1.23341694,-0.00297713,1.19193938,-0.02351117
1.22963103,-0.00603744,1.19440604,-0.02149038
1.18164537,-0.04482626,1.14898942,-0.05869766
1.18136613,-0.04505198,1.14871790,-0.05892010
1.20597047,-0.02516327,1.17264227,-0.03932021
1.20824102,-0.02332788,1.17485007,-0.03751148
1.21748529,-0.01585535,1.18383887,-0.03014747
1.20979250,-0.02207376,1.17635867,-0.03627557
1.21136438,-0.02080314,1.17788711,-0.03502340
1.23197753,-0.00414066,1.19793060,-0.01860290
1.25765429,0.00000000,1.22289775,0.00000000
1.25269756,-0.00394125,1.21807801,-0.00394125
1.25286637,-0.00380702,1.21824216,-0.00380702
1.25568405,-0.00156659,1.22098197,-0.00156659
1.25353644,-0.00327423,1.22184925,-0.00085740
1.25701987,-0.00050444,1.22646647,0.00000000
1.26224219,0.00000000,1.23156186,0.00000000
1.26401396,0.00000000,1.22860159,-0.00240367
1.26838509,0.00000000,1.23162165,0.00000000
1.27548065,0.00000000,1.23851155,0.00000000
1.27345609,-0.00158730,1.23654567,-0.00158730
1.28215588,0.00000000,1.24499331,0.00000000
1.27713579,-0.00391535,1.24011872,-0.00391535
1.28322740,0.00000000,1.24603377,0.00000000
1.28275378,-0.00036909,1.24557387,-0.00036909
1.28729728,0.00000000,1.23991648,-0.00490940
1.28743894,0.00000000,1.23978004,-0.00501891
1.28480973,-0.00204220,1.24231192,-0.00298696
1.29182948,0.00000000,1.24785716,0.00000000
1.28543493,-0.00495000,1.25278619,0.00000000
1.29272786,0.00000000,1.24567849,-0.00567351
1.29135094,-0.00106512,1.24700529,-0.00461443
1.28743817,-0.00409188,1.25078370,-0.00159843
1.28005078,-0.00980646,1.24485741,-0.00632892
1.27581890,-0.01308006,1.24772808,-0.00403749
1.27281261,-0.01540560,1.25066818,-0.00169064
1.27062154,-0.01710052,1.25282113,0.00000000
1.26803085,-0.01910457,1.25151955,-0.00103892
1.26892676,-0.01841153,1.25240380,-0.00033311
1.26628410,-0.02045578,1.24979555,-0.00241501
1.26417903,-0.02208417,1.24771789,-0.00407340
1.26190107,-0.02384631,1.24871847,-0.00327473
1.26415189,-0.02210517,1.24969707,-0.00249362
1.25029843,-0.03282163,1.26214243,0.00000000
1.25869890,-0.02632338,1.25366238,-0.00671877
1.26272273,-0.02321070,1.25641646,-0.00453671
1.25160181,-0.03181338,1.24535107,-0.01330385
1.24990720,-0.03312427,1.24579187,-0.01295460
1.26019787,-0.02516383,1.23553508,-0.02108109
1.25972814,-0.02552720,1.23383901,-0.02242490
1.26059131,-0.02485948,1.23468444,-0.02175506
1.25865341,-0.02635856,1.23278637,-0.02325891
1.26567578,-0.02092635,1.22467554,-0.02968515
1.26513393,-0.02134550,1.22292657,-0.03107087
1.26529198,-0.02122325,1.22307934,-0.03094982
1.27207688,-0.01597473,1.22963789,-0.02575347
1.27986421,-0.00995078,1.23716541,-0.01978938
1.28660588,-0.00473571,1.22941150,-0.02593283
1.28316066,-0.00740079,1.23270357,-0.02332452
1.27694021,-0.01221266,1.23867941,-0.01858983
1.26633903,-0.02041329,1.24896295,-0.01044215
1.26979420,-0.01774051,1.25361967,-0.00675261
1.28456729,-0.00631268,1.26820458,0.00000000
1.29560546,0.00000000,1.27910215,0.00000000
1.28580456,-0.00756473,1.26942609,-0.00756473
1.28318669,-0.00958531,1.26684157,-0.00958531
1.29086305,-0.00366039,1.27442014,-0.00366039
1.28580727,-0.00756264,1.27813710,-0.00075447
1.29134902,-0.00328529,1.27262840,-0.00506117
1.29802730,0.00000000,1.28048249,0.00000000
1.29931635,0.00000000,1.27793037,-0.00199309
1.30346345,0.00000000,1.27385153,-0.00517848
1.30986991,0.00000000,1.26759062,-0.01006798
1.30760640,-0.00172804,1.26978106,-0.00835734
1.29041471,-0.01485277,1.25435646,-0.02040327
1.29037317,-0.01488448,1.25314248,-0.02135133
1.28420427,-0.01959404,1.25913340,-0.01667269
1.28494590,-0.01902785,1.26111969,-0.01512148
1.28374230,-0.01994672,1.25993841,-0.01604401
1.28176076,-0.02145949,1.26062327,-0.01550917
1.28240363,-0.02096870,1.25999101,-0.01600294
1.28140974,-0.02172748,1.25775449,-0.01774955
1.28074232,-0.02223701,1.25709940,-0.01826116
1.28249101,-0.02090200,1.25881580,-0.01692072
1.28261184,-0.02080975,1.25893441,-0.01682809
1.28175298,-0.02146543,1.25809140,-0.01748645
1.27066549,-0.02993001,1.26771612,-0.00996996
1.27496091,-0.02665073,1.26343067,-0.01331671
1.26716880,-0.03259950,1.27115231,-0.00728645
1.26501663,-0.03424254,1.27331124,-0.00560042
1.26881996,-0.03133895,1.26948298,-0.00859013
1.27370482,-0.02760968,1.26459556,-0.01240698
1.27780798,-0.02447718,1.26052175,-0.01558845
1.28059466,-0.02234974,1.25777277,-0.01773528
1.27815257,-0.02421411,1.26017134,-0.01586211
1.28242663,-0.02095114,1.25595740,-0.01915300
1.27551517,-0.02622759,1.26272621,-0.01386687
1.27232393,-0.02866389,1.26588545,-0.01139964
1.27804605,-0.02429543,1.26019229,-0.01584574
1.27211595,-0.02882268,1.26603955,-0.01127929
1.27260976,-0.02844568,1.26301602,-0.01364053
1.27773912,-0.02452976,1.25539930,-0.01958885
1.28043990,-0.02246788,1.25930827,-0.01653613
1.28448373,-0.01938068,1.26328536,-0.01343019
1.28463743,-0.01926335,1.26343652,-0.01331215
1.31580563,0.00000000,1.29409033,0.00000000
1.30971577,-0.00462823,1.28810098,-0.00462823
1.31028519,-0.00419548,1.28625286,-0.00605636
1.31080785,-0.00379826,1.28805219,-0.00466594
1.31197428,-0.00291179,1.28561796,-0.00654697
1.30739227,-0.00639407,1.29010792,-0.00307738
1.28535955,-0.02313873,1.31184935,0.00000000
1.25499775,-0.04621342,1.34283688,0.00000000
1.26313756,-0.04002724,1.35288925,0.00000000
1.25492115,-0.04627163,1.36033658,0.00000000
1.25681254,-0.04483420,1.36374718,0.00000000
1.24696765,-0.05231622,1.35306464,-0.00783322
1.25976814,-0.04258797,1.36695425,0.00000000
1.25355419,-0.04731051,1.36021160,-0.00493261
1.25618339,-0.04531235,1.36306449,-0.00284556
1.25573075,-0.04565635,1.36257334,-0.00320487
1.25656253,-0.04502420,1.36347589,-0.00254460
1.24896685,-0.05079684,1.35523395,-0.00857402
1.24291738,-0.05539439,1.36044291,-0.00476339
1.24430285,-0.05434145,1.35892644,-0.00587277
1.24077269,-0.05702433,1.36278178,-0.00305238
1.23818959,-0.05898746,1.36561888,-0.00097689
1.23742372,-0.05956952,1.36646358,-0.00035895
1.23114910,-0.06433817,1.37339252,0.00000000
1.22815621,-0.06661274,1.37673121,0.00000000
1.22686061,-0.06759738,1.37818354,0.00000000
1.20984039,-0.08053259,1.39730306,0.00000000
1.19010577,-0.09553072,1.42009552,0.00000000
1.20247268,-0.08613198,1.40533869,-0.01039144
1.21830698,-0.07409806,1.38683302,-0.02342272
1.21768538,-0.07457047,1.38754061,-0.02292445
1.21868307,-0.07381224,1.38640376,-0.02372500
1.24637796,-0.05276438,1.35489737,-0.04591110
1.25031379,-0.04977318,1.35061885,-0.04892394
1.24673369,-0.05249403,1.35448616,-0.04620067
1.25444940,-0.04663016,1.34610360,-0.05210349
1.25418387,-0.04683196,1.34638853,-0.05190284
1.23980860,-0.05775703,1.36182064,-0.04103589
1.24271174,-0.05555068,1.35863180,-0.04328140
1.23526004,-0.06121390,1.36677859,-0.03754461
1.22921494,-0.06580811,1.37346730,-0.03283456
1.23136231,-0.06417613,1.37724014,-0.03017782
1.23275112,-0.06312065,1.37879348,-0.02908399
1.22653471,-0.06784506,1.37184062,-0.03398004
1.22133730,-0.07179504,1.36602748,-0.03807352
1.22322736,-0.07035861,1.36814146,-0.03658491
1.22528341,-0.06879604,1.36447369,-0.03916767
1.23323436,-0.06275339,1.37469233,-0.03197193
1.23119567,-0.06430277,1.37559017,-0.03133969
1.22894254,-0.06601514,1.37810755,-0.02956700
1.21820820,-0.07417314,1.39014480,-0.02109064
1.22719448,-0.06734364,1.37989020,-0.02831171
1.22892503,-0.06602844,1.37794432,-0.02968195
1.24252025,-0.05569620,1.36270055,-0.04041628
1.24764901,-0.05179839,1.35707572,-0.04437716
1.25223484,-0.04831320,1.36342084,-0.03990907
1.25645088,-0.04510905,1.36801122,-0.03667662
1.25475624,-0.04639696,1.36616611,-0.03797590
1.25649653,-0.04507436,1.36806092,-0.03664162
1.25809922,-0.04385633,1.36494786,-0.03883377
1.25863462,-0.04344943,1.36416378,-0.03938590
1.26042645,-0.04208766,1.36085755,-0.04171407
1.25916483,-0.04304647,1.36221969,-0.04075489
1.25840204,-0.04362619,1.36304492,-0.04017378
1.26001331,-0.04240164,1.36129965,-0.04140276
1.25156897,-0.04881926,1.37042280,-0.03497844
1.25702390,-0.04467356,1.36444984,-0.03918446
1.26652707,-0.03745124,1.37340070,-0.03288146
1.25428589,-0.04675442,1.36012658,-0.04222881
1.24417133,-0.05444139,1.34915852,-0.04995228
1.25771712,-0.04414672,1.33312054,-0.06124587
1.25513138,-0.04611186,1.33586130,-0.05931589
1.23737281,-0.05960821,1.31829636,-0.07168473
1.22965981,-0.06547002,1.32519549,-0.06682651
1.23144577,-0.06411270,1.32327077,-0.06818186
1.23831615,-0.05889128,1.33197672,-0.06205132
1.25054919,-0.04959428,1.34513501,-0.05278554
1.24799679,-0.05153408,1.34238956,-0.05471883
1.24287100,-0.05542963,1.34656066,-0.05178163
1.24861376,-0.05106519,1.35412908,-0.04645211
1.26139443,-0.04135200,1.33891425,-0.05716606
1.25732433,-0.04444524,1.33593294,-0.05926544
1.25407016,-0.04691838,1.33805463,-0.05777139
1.25376413,-0.04715096,1.33838115,-0.05754146
1.25560276,-0.04575362,1.33641843,-0.05892356
1.25176579,-0.04866968,1.34050236,-0.05604775
1.25458405,-0.04652782,1.33748432,-0.05817299
1.25535416,-0.04594255,1.33666333,-0.05875111
1.25340727,-0.04742217,1.33873631,-0.05729136
1.24821156,-0.05137086,1.34428574,-0.05338358
1.24977662,-0.05018143,1.34260022,-0.05457049
1.24218083,-0.05595416,1.33578288,-0.05937111
1.27198758,-0.03330130,1.30239431,-0.08288260
1.27308625,-0.03246632,1.30126938,-0.08367475
1.28524973,-0.02322220,1.31500339,-0.07400356
1.27621363,-0.03008955,1.30575811,-0.08051389
1.28677326,-0.02206433,1.31656219,-0.07290589
1.29694116,-0.01433682,1.32696549,-0.06558012
1.29701992,-0.01427696,1.32555794,-0.06657128
1.29367733,-0.01681730,1.32346737,-0.06804342
1.29886833,-0.01287219,1.32877790,-0.06430386
1.30276637,-0.00990971,1.33276571,-0.06149573
1.30389088,-0.00905510,1.33391611,-0.06068565
1.30044419,-0.01167454,1.33039006,-0.06316861
1.30333962,-0.00947405,1.33335215,-0.06108277
1.30238114,-0.01020248,1.33237160,-0.06177325
1.30212482,-0.01039729,1.33210938,-0.06195790
1.30777034,-0.00610674,1.33788491,-0.05789091
1.30234171,-0.01023245,1.34210066,-0.05492226
1.30601708,-0.00743920,1.34723034,-0.05131006
1.30462124,-0.00850003,1.34579045,-0.05232399
1.30037098,-0.01173018,1.34140607,-0.05541138
1.29957772,-0.01233305,1.34058778,-0.05598760
1.30543498,-0.00788159,1.33320510,-0.06118632
1.30660833,-0.00698986,1.33200679,-0.06203015
1.30667927,-0.00693595,1.33193447,-0.06208107
1.29892691,-0.01282766,1.33983666,-0.05651652
1.29764224,-0.01380401,1.34116180,-0.05558339
1.30081144,-0.01139544,1.33788630,-0.05788992
1.28636562,-0.02237413,1.32436664,-0.06741017
1.28773759,-0.02133144,1.32577914,-0.06641552
1.29239110,-0.01779482,1.33057012,-0.06304182
1.29470217,-0.01603843,1.33294946,-0.06136634
1.29427631,-0.01636208,1.33251102,-0.06167508
1.28831271,-0.02089436,1.32637125,-0.06599857
1.28243048,-0.02536480,1.33110088,-0.06266807
1.29425800,-0.01637600,1.31882449,-0.07131283
1.28407433,-0.02411549,1.32920145,-0.06400560
1.27727276,-0.02928462,1.33624205,-0.05904777
1.27512006,-0.03092065,1.33849414,-0.05746190
1.27829090,-0.02851084,1.33516571,-0.05980571
1.27899378,-0.02797666,1.33456470,-0.06022892
1.29553707,-0.01540392,1.35182677,-0.04807335
1.30692105,-0.00675220,1.36370537,-0.03970870
1.30823186,-0.00575600,1.36507313,-0.03874556
1.31465323,-0.00087581,1.37177350,-0.03402730
1.31209819,-0.00281762,1.37306779,-0.03311590
1.31150466,-0.00326869,1.37368889,-0.03267853
1.33477929,0.00000000,1.34931071,-0.04984511
1.33514151,0.00000000,1.34894455,-0.05010295
1.32794972,-0.00538654,1.35621068,-0.04498630
1.32710328,-0.00602051,1.35399002,-0.04655004
1.32937993,-0.00431533,1.35631279,-0.04491439
1.34048312,0.00000000,1.36764093,-0.03693737
1.34776463,0.00000000,1.37506997,-0.03170600
1.34396398,-0.00281997,1.37757255,-0.02994374
1.33139074,-0.01214893,1.36330732,-0.03998900
1.33026848,-0.01298161,1.36215815,-0.04079822
1.33083434,-0.01256176,1.36273757,-0.04039020
1.33196620,-0.01172195,1.36389657,-0.03957406
1.33609889,-0.00865562,1.36812833,-0.03659415
1.33487822,-0.00956133,1.36687840,-0.03747433
1.33910039,-0.00642861,1.37120178,-0.03442989
1.34006266,-0.00571463,1.37218713,-0.03373604
1.33819268,-0.00710209,1.37027232,-0.03508440
1.33296909,-0.01097784,1.37425086,-0.03228280
1.33353084,-0.01056104,1.37367172,-0.03269062
1.33031167,-0.01294957,1.37698779,-0.03035551
1.33957270,-0.00607816,1.36740182,-0.03710574
1.34294355,-0.00357710,1.36396094,-0.03952873
1.33287868,-0.01104492,1.37418333,-0.03233035
1.35503603,0.00000000,1.35133935,-0.04841658
1.34687147,-0.00602534,1.35948163,-0.04268297
1.34080107,-0.01050523,1.36560887,-0.03836830
1.34810211,-0.00511714,1.35817274,-0.04360466
1.33960234,-0.01138987,1.36673600,-0.03757460
1.33824843,-0.01238904,1.36672140,-0.03758488
1.35208533,-0.00217758,1.38085269,-0.02763393
1.35028140,-0.00350885,1.37901039,-0.02893124
1.34714139,-0.00582614,1.37580357,-0.03118942
1.34190349,-0.00969165,1.37045423,-0.03495630
1.34473506,-0.00760199,1.37334604,-0.03291996
1.36486848,0.00000000,1.39390783,-0.01844080
1.36686162,0.00000000,1.39594338,-0.01700741
1.37587674,0.00000000,1.40515031,-0.01052409
1.37599422,0.00000000,1.40527029,-0.01043960
1.36736185,-0.00627355,1.39645425,-0.01664766
1.36829671,-0.00559415,1.39740900,-0.01597535
1.36605817,-0.00722100,1.39829776,-0.01534951
1.37407313,-0.00139615,1.39009364,-0.02112667
1.37117074,-0.00350546,1.39302987,-0.01905903
1.36856718,-0.00539759,1.39567494,-0.01719644
1.37198163,-0.00291614,1.39219286,-0.01964844
1.36760333,-0.00609806,1.39663565,-0.01651993
1.36346320,-0.00910689,1.40086367,-0.01354265
1.36599817,-0.00726461,1.39825917,-0.01537668
1.36045649,-0.01129201,1.39398487,-0.01838655
1.35959886,-0.01191528,1.39310611,-0.01900535
1.38318216,0.00000000,1.41727061,-0.00198924
1.37508469,-0.00585423,1.40897358,-0.00783183
1.38116738,-0.00145662,1.41520618,-0.00344296
1.38681004,0.00000000,1.42098791,0.00000000
1.38503570,-0.00127944,1.41916983,-0.00127944
1.39238041,0.00000000,1.42669555,0.00000000
1.42051493,0.00000000,1.45552345,0.00000000
1.41827449,-0.00157720,1.45322779,-0.00157720
1.42828701,0.00000000,1.44151529,-0.00962414
1.43121787,0.00000000,1.43855728,-0.01165640
1.44586594,0.00000000,1.42383410,-0.02177179
1.45077072,0.00000000,1.41900405,-0.02509021
1.44867344,-0.00144563,1.42105541,-0.02368086
1.44710176,-0.00252897,1.42259713,-0.02262164
1.45276201,0.00000000,1.41703273,-0.02644459
1.46849949,0.00000000,1.43380019,-0.01492470
1.46521765,-0.00223483,1.43059590,-0.01712618
1.47094669,0.00000000,1.43618956,-0.01328312
1.46294086,-0.00544264,1.42837291,-0.01865346
1.46027372,-0.00725585,1.42954865,-0.01784568
1.44823384,-0.01544097,1.44133520,-0.00974787
1.44403338,-0.01829659,1.44551565,-0.00687574
1.46420407,-0.00458386,1.46715256,0.00000000
1.47089543,-0.00003485,1.47385739,0.00000000
1.47126172,0.00000000,1.47422442,0.00000000
1.45190781,-0.01315463,1.45483154,-0.01315463
1.45973714,-0.00783313,1.44553161,-0.01946298
1.49259899,0.00000000,1.41298955,-0.04153700
1.49653367,0.00000000,1.41530138,-0.03996884
1.49210984,-0.00295605,1.41806978,-0.03809097
1.48363475,-0.00861919,1.42612432,-0.03262739
1.48379015,-0.00851536,1.42597495,-0.03272871
1.48317209,-0.00892835,1.42656892,-0.03232581
1.50490133,0.00000000,1.40566895,-0.04650273
1.50925711,0.00000000,1.40833184,-0.04469643
1.50402891,-0.00346409,1.40345326,-0.04800569
1.50290677,-0.00420759,1.40240616,-0.04871596
1.50077812,-0.00561799,1.40041985,-0.05006332
1.49649837,-0.00845366,1.39642629,-0.05277224
1.50029514,-0.00593800,1.39996917,-0.05036902
1.49885324,-0.00689337,1.39991468,-0.05040598
1.50257033,-0.00443051,1.39644296,-0.05276093
1.49868020,-0.00700802,1.40005832,-0.05030855
1.50126417,-0.00529594,1.40387231,-0.04772144
1.49592541,-0.00883328,1.39887989,-0.05110791
1.49670767,-0.00831498,1.39674950,-0.05255300
1.50528988,-0.00262860,1.38874046,-0.05798571
1.50740468,-0.00122738,1.38678940,-0.05930916
1.53442850,0.00000000,1.36192790,-0.07617329
1.53593307,0.00000000,1.36059247,-0.07707914
1.53094412,-0.00324816,1.35753364,-0.07915401
1.51353907,-0.01458006,1.37160969,-0.06960591
1.51134292,-0.01600991,1.37359990,-0.06825590
1.51247301,-0.01527415,1.37257281,-0.06895260
1.53102654,-0.00319450,1.38803761,-0.05846247
1.52878598,-0.00465326,1.38600631,-0.05984035
1.52174758,-0.00923575,1.37962525,-0.06416877
1.54460896,0.00000000,1.40035151,-0.05010968
1.55351102,0.00000000,1.40842217,-0.04463516
1.55707906,0.00000000,1.40377894,-0.04778477
1.54809731,-0.00576833,1.41187640,-0.04229208
1.54858530,-0.00545493,1.41143135,-0.04259397
1.54617813,-0.00700088,1.40782594,-0.04503960
1.55043811,-0.00426500,1.40253932,-0.04862564
1.56145741,0.00000000,1.41391000,-0.04091264
1.56138335,-0.00004743,1.41256316,-0.04182624
1.55705110,-0.00282192,1.41648248,-0.03916767
1.55629482,-0.00330626,1.41433753,-0.04062264
1.54449268,-0.01086468,1.40502626,-0.04693869
1.54782323,-0.00873170,1.40059142,-0.04994694
1.53804224,-0.01499572,1.39314141,-0.05500045
1.53231104,-0.01866613,1.39693952,-0.05242411
1.53661409,-0.01591034,1.40225935,-0.04881554
1.53886560,-0.01446841,1.40431400,-0.04742183
1.52828632,-0.02124367,1.39465972,-0.05397055
1.58243239,0.00000000,1.44407151,-0.02045341
1.58630369,0.00000000,1.44760431,-0.01805703
1.59010932,0.00000000,1.45107719,-0.01570129
1.57140816,-0.01176093,1.43401118,-0.02727755
1.57454190,-0.00979016,1.43687092,-0.02533773
1.56787418,-0.01398341,1.43078619,-0.02946514
1.57308218,-0.01070816,1.42460277,-0.03365949
1.56868966,-0.01347056,1.42858069,-0.03096118
1.56455124,-0.01607316,1.43234948,-0.02840472
1.57000981,-0.01264034,1.42735216,-0.03179452
1.57202841,-0.01137086,1.42551697,-0.03303937
1.57419142,-0.01001057,1.42355555,-0.03436984
1.57872884,-0.00715704,1.41945232,-0.03715316
1.60376647,0.00000000,1.39694071,-0.05242330
1.59108927,-0.00790464,1.40798303,-0.04493304
1.59919546,-0.00285018,1.40080972,-0.04979886
1.61922290,0.00000000,1.38326676,-0.06169865
1.62353517,0.00000000,1.37958287,-0.06419751
1.60920958,-0.00882370,1.39175590,-0.05594027
1.63064290,0.00000000,1.37321888,-0.06851435
1.63956527,0.00000000,1.36570506,-0.07361115
1.63446132,-0.00311299,1.36281933,-0.07556861
1.62653732,-0.00794598,1.36806357,-0.07201132
1.63284137,-0.00410103,1.36276130,-0.07560797
1.63596793,-0.00219408,1.36015189,-0.07737799
1.65581644,0.00000000,1.37801419,-0.06526159
1.66543269,0.00000000,1.38601709,-0.05983304
1.66028269,-0.00309229,1.38173113,-0.06274031
1.64992425,-0.00931196,1.37311055,-0.06858784
1.63940391,-0.01562884,1.38049275,-0.06358033
1.62945053,-0.02160529,1.38887419,-0.05789500
1.62827702,-0.02230992,1.38987444,-0.05721651
1.64021422,-0.01514229,1.37968501,-0.06412824
1.62937062,-0.02165327,1.38880623,-0.05794110
1.61324283,-0.03133712,1.40255287,-0.04861644
1.61616821,-0.02958059,1.40369364,-0.04784263
1.61947308,-0.02759619,1.39941956,-0.05074184
1.60664503,-0.03529873,1.38973400,-0.05731177
1.61617234,-0.02957811,1.39797504,-0.05172169
1.60373891,-0.03704370,1.38722023,-0.05901692
1.57936521,-0.05167875,1.36613720,-0.07331802
1.57664602,-0.05331147,1.36712314,-0.07264923
1.60136338,-0.03847006,1.34569050,-0.08718748
1.60393949,-0.03692326,1.34650961,-0.08663186
1.60148992,-0.03839409,1.34721952,-0.08615031
1.60062127,-0.03891567,1.34795026,-0.08565464
1.59932194,-0.03969584,1.34904447,-0.08491241
1.59702830,-0.04107304,1.35097918,-0.08360005
1.59822040,-0.04035725,1.35333860,-0.08199960
1.59760886,-0.04072445,1.35282076,-0.08235087
1.59743269,-0.04083023,1.35267158,-0.08245206
1.60340380,-0.03724491,1.34626270,-0.08679935
1.59581717,-0.04180026,1.35263264,-0.08247847
1.59890374,-0.03994694,1.34731117,-0.08608815
1.59258890,-0.04373866,1.35263235,-0.08247867
1.59096068,-0.04471631,1.35401525,-0.08154062
1.60097709,-0.03870201,1.34549060,-0.08732308
1.60967270,-0.03348078,1.33818265,-0.09228023
1.58338000,-0.04926809,1.36004078,-0.07745336
1.59281446,-0.04360322,1.35193707,-0.08295029
1.59124287,-0.04454687,1.35195509,-0.08293807
1.59756853,-0.04074867,1.35732951,-0.07929248
1.59785783,-0.04057495,1.35757531,-0.07912575
1.58047103,-0.05101476,1.37098994,-0.07002630
1.57762565,-0.05272326,1.36989268,-0.07077059
1.57044522,-0.05703471,1.36365773,-0.07499990
1.58605037,-0.04766468,1.37720808,-0.06580839
1.58571875,-0.04786380,1.37692013,-0.06600371
1.59191764,-0.04414171,1.38230278,-0.06235254
1.58925363,-0.04574130,1.37998955,-0.06392166
1.58990992,-0.04534723,1.38055943,-0.06353510
1.58349193,-0.04920088,1.38475177,-0.06069133
1.57237688,-0.05587485,1.39447180,-0.05409802
1.57278326,-0.05563085,1.39411140,-0.05434248
1.57963961,-0.05151399,1.38803395,-0.05846496
1.58753220,-0.04677492,1.38109871,-0.06316929
1.59735504,-0.04087685,1.37255317,-0.06896592
1.59235030,-0.04388192,1.37685357,-0.06604886
1.61113737,-0.03260133,1.36060901,-0.07706792
1.60688116,-0.03515694,1.36420338,-0.07462977
1.61883993,-0.02797636,1.37572029,-0.06681759
1.60875077,-0.03403435,1.38291853,-0.06193486
1.58518501,-0.04818428,1.40317619,-0.04819363
1.59363228,-0.04311216,1.39569882,-0.05326570
1.61702494,-0.02906617,1.41479035,-0.04031548
1.60396656,-0.03690700,1.40336513,-0.04806547
1.58858616,-0.04614208,1.38990829,-0.05719355
1.58094776,-0.05072852,1.39520148,-0.05360306
1.58460426,-0.04853299,1.39197458,-0.05579194
1.58524180,-0.04815018,1.39141454,-0.05617182
1.59093108,-0.04473408,1.38642089,-0.05955913
1.59592194,-0.04173735,1.38207159,-0.06250936
1.59375430,-0.04303890,1.38394877,-0.06123603
1.58738583,-0.04686281,1.37703472,-0.06592599
1.58560372,-0.04793287,1.37548876,-0.06697465
1.57790996,-0.05255255,1.38078749,-0.06338039
1.57686874,-0.05317774,1.38125714,-0.06306182
1.57587695,-0.05377325,1.38038838,-0.06365112
1.57413879,-0.05481692,1.37886584,-0.06468389
1.57293114,-0.05554205,1.37780800,-0.06540145
1.57616116,-0.05360261,1.38063733,-0.06348225
1.58705847,-0.04705937,1.39018283,-0.05700732
1.57728733,-0.05292640,1.39735167,-0.05214454
1.56820797,-0.05837805,1.39070542,-0.05665283
1.56708862,-0.05905016,1.39030738,-0.05692284
1.57209200,-0.05604591,1.38586842,-0.05993389
1.55413742,-0.06682664,1.40169617,-0.04919756
1.56182482,-0.06221078,1.39476281,-0.05390062
1.58354566,-0.04916862,1.37536536,-0.06705835
1.58795997,-0.04651807,1.38057472,-0.06352473
1.59144960,-0.04442274,1.38360860,-0.06146677
1.59144232,-0.04442711,1.38360228,-0.06147106
1.60575577,-0.03583268,1.39604641,-0.05302992
1.60213283,-0.03800806,1.39289662,-0.05516650
1.62415105,-0.02478734,1.41203929,-0.04218159
1.62015945,-0.02718407,1.40856898,-0.04453558
1.62564907,-0.02388786,1.41334167,-0.04129815
1.63191377,-0.02012625,1.41878821,-0.03760364
1.62739364,-0.02284034,1.41485841,-0.04026932
1.62620080,-0.02355657,1.41382135,-0.04097278
1.62877102,-0.02201330,1.41605590,-0.03945703
1.63218645,-0.01996252,1.41902528,-0.03744283
1.64727576,-0.01090223,1.43214395,-0.02854414
1.64315466,-0.01337672,1.42856105,-0.03097450
1.64162139,-0.01429736,1.42722803,-0.03187872
1.64245291,-0.01379808,1.42507788,-0.03333721
1.63948651,-0.01557924,1.42765168,-0.03159135
1.61810312,-0.02841878,1.44627217,-0.01896064
1.62649181,-0.02338184,1.43877430,-0.02404662
1.62750730,-0.02277209,1.43787601,-0.02465595
1.63001161,-0.02126839,1.43566350,-0.02615675
1.62726295,-0.02291881,1.43808443,-0.02451458
1.63014795,-0.02118653,1.43553483,-0.02624403
1.62891822,-0.02192491,1.43588744,-0.02600484
1.63062182,-0.02090199,1.43738917,-0.02498619
1.62726607,-0.02291694,1.43443108,-0.02699273
1.62902925,-0.02185824,1.43598532,-0.02593845
1.62888182,-0.02194677,1.43585536,-0.02602661
1.63530363,-0.01809083,1.42875870,-0.03084043
1.62948122,-0.02158686,1.43384572,-0.02738979
1.63466077,-0.01847683,1.42928802,-0.03048138
1.63214636,-0.01998659,1.43148653,-0.02899008
1.62704818,-0.02304777,1.43595793,-0.02595703
1.63743052,-0.01681375,1.42679495,-0.03217249
1.64066532,-0.01487143,1.42397627,-0.03408446
1.63403737,-0.01885115,1.42972884,-0.03018236
1.63344328,-0.01920786,1.43024865,-0.02982977
1.63404466,-0.01884677,1.42972208,-0.03018695
1.62651233,-0.02336952,1.43631256,-0.02571648
1.61711425,-0.02901254,1.42944977,-0.03037166
1.62576033,-0.02382105,1.43709249,-0.02518743
1.63825530,-0.01631851,1.44813743,-0.01769540
1.63809876,-0.01641251,1.44799905,-0.01778926
1.63224052,-0.01993006,1.44282065,-0.02130189
1.64328979,-0.01329558,1.45258767,-0.01467670
1.63055641,-0.02094127,1.44133198,-0.02231169
1.63430374,-0.01869121,1.44464444,-0.02006477
1.63745620,-0.01679833,1.44041318,-0.02293493
1.62623071,-0.02353862,1.45028785,-0.01623672
1.61046965,-0.03300225,1.46434371,-0.00670231
1.61727272,-0.02891739,1.45815792,-0.01089827
1.61758506,-0.02872985,1.45787631,-0.01108929
1.62313914,-0.02539493,1.46433989,-0.00670490
1.62335782,-0.02526362,1.46267826,-0.00783202
1.61651975,-0.02936950,1.45797970,-0.01101916
1.61519436,-0.03016533,1.45678429,-0.01183003
1.61451297,-0.03057446,1.45594207,-0.01240133
1.62164424,-0.02629253,1.44951120,-0.01676354
1.62877497,-0.02201092,1.44313738,-0.02108705
1.63947670,-0.01558513,1.45117625,-0.01563410
1.63226877,-0.01991310,1.45610515,-0.01229071
1.63491597,-0.01832360,1.45374364,-0.01389258
1.62751815,-0.02276558,1.46032168,-0.00943054
1.62856403,-0.02213758,1.45938324,-0.01006711
1.62726290,-0.02291884,1.46054921,-0.00927620
1.63126193,-0.02051764,1.45695988,-0.01171093
1.63149275,-0.02037905,1.45570907,-0.01255938
1.63172151,-0.02024169,1.45404924,-0.01368528
1.62965533,-0.02148232,1.45075399,-0.01592052
1.63264846,-0.01968511,1.44663869,-0.01871203
1.63366336,-0.01907572,1.44573942,-0.01932202
1.63439260,-0.01863785,1.44493903,-0.01986494
1.63790293,-0.01653010,1.44804245,-0.01775982
1.64620210,-0.01154690,1.43925724,-0.02371903
1.67707194,0.00000000,1.41226807,-0.04202640
1.67175970,-0.00316757,1.41674153,-0.03899195
1.67267035,-0.00262457,1.41596979,-0.03951544
1.68297090,0.00000000,1.40725004,-0.04543025
1.67506285,-0.00469886,1.41386252,-0.04094485
1.67969366,-0.00194730,1.40995381,-0.04359621
1.66851494,-0.00858955,1.41933736,-0.03723114
1.67019979,-0.00758843,1.41790412,-0.03820334
1.67158708,-0.00676412,1.41672639,-0.03900222
1.68985477,0.00000000,1.40124391,-0.04950434
1.68466387,-0.00307180,1.40554825,-0.04658461
1.68941943,-0.00025762,1.40811035,-0.04484667
1.67585302,-0.00828577,1.39680292,-0.05251676
1.66922843,-0.01220598,1.40092764,-0.04971887
1.66455423,-0.01497202,1.40485053,-0.04705789
1.66347373,-0.01561142,1.40576246,-0.04643931
1.66513201,-0.01463011,1.40436108,-0.04738989
1.67635010,-0.00799161,1.41241798,-0.04192472
1.68800082,-0.00109710,1.40118918,-0.04954146
1.69433658,0.00000000,1.40504723,-0.04692446
1.69079831,-0.00208829,1.40211308,-0.04891476
1.72478933,0.00000000,1.37252354,-0.06898602
1.73056368,0.00000000,1.37574604,-0.06680013
1.72129195,-0.00535764,1.36837529,-0.07179987
1.72538075,-0.00299494,1.37162576,-0.06959500
1.72832708,-0.00129241,1.36791189,-0.07211421
1.72492367,-0.00325906,1.36658613,-0.07301350
1.72091540,-0.00557523,1.36839513,-0.07178642
1.71350277,-0.00985859,1.37428932,-0.06778825
1.71038702,-0.01165901,1.37316467,-0.06855113
1.71090393,-0.01136032,1.37357967,-0.06826963
1.71248388,-0.01044735,1.37093765,-0.07006177
1.71104272,-0.01128012,1.37209137,-0.06927917
1.70967509,-0.01207040,1.37236676,-0.06909237
1.71297878,-0.01016137,1.37501865,-0.06729353
1.70985342,-0.01196735,1.37250991,-0.06899527
1.71105700,-0.01127187,1.37347603,-0.06833993
1.70880500,-0.01257317,1.37166834,-0.06956612
1.71922437,-0.00655238,1.38003203,-0.06389284
1.72390002,-0.00385057,1.37489881,-0.06737482
1.75220109,0.00000000,1.39609547,-0.05299665
1.74740740,-0.00273581,1.39227601,-0.05558747
1.74753924,-0.00266057,1.39238106,-0.05551621
1.75119169,-0.00057608,1.39529121,-0.05354219
1.72284339,-0.01675475,1.41648289,-0.03916739
1.71604541,-0.02063444,1.42207204,-0.03537614
1.71534856,-0.02103213,1.42264951,-0.03498443
1.71438201,-0.02158376,1.42345114,-0.03444067
1.72456209,-0.01577387,1.41499862,-0.04017421
1.73436125,-0.01018139,1.40695844,-0.04562805
1.73357674,-0.01062912,1.40759485,-0.04519635
1.71446504,-0.02153637,1.42311278,-0.03467018
1.71913475,-0.01887132,1.41923663,-0.03729947
1.71934381,-0.01875200,1.42082846,-0.03621969
1.71218038,-0.02284025,1.42532734,-0.03316800
1.74378432,-0.00480354,1.45306179,-0.01435509
1.75322720,0.00000000,1.46093035,-0.00901767
1.75346309,0.00000000,1.46112692,-0.00888433
1.77063069,0.00000000,1.47543234,0.00000000
1.77270475,0.00000000,1.47716062,0.00000000
1.76905463,-0.00205907,1.47411904,-0.00205907
1.76317013,-0.00537857,1.47754837,0.00000000
1.77832470,0.00000000,1.49172555,0.00000000
1.76287044,-0.00869034,1.50319743,0.00000000
1.76735698,-0.00616744,1.49937176,-0.00254502
1.77181231,-0.00366209,1.49559199,-0.00505950
1.78046478,0.00000000,1.48828842,-0.00991820
1.78898676,0.00000000,1.49690022,-0.00418921
1.81735760,0.00000000,1.52063897,0.00000000
1.82333743,0.00000000,1.52564248,0.00000000
1.81694938,-0.00350349,1.52029740,-0.00350349
1.81712760,-0.00340575,1.52044652,-0.00340575
1.81831773,-0.00275303,1.52144234,-0.00275303
1.81309538,-0.00561720,1.51707264,-0.00561720
1.81038873,-0.00710165,1.51480790,-0.00710165
1.81288338,-0.00573347,1.51689526,-0.00573347
1.81928987,-0.00221986,1.52225576,-0.00221986
1.79699553,-0.01444708,1.53938786,0.00000000
1.80875667,-0.00799674,1.55100238,0.00000000
1.79055090,-0.01798160,1.53539100,-0.01006535
1.79837913,-0.01368825,1.52714292,-0.01538325
1.80147734,-0.01198905,1.52451200,-0.01707952
1.78843851,-0.01914013,1.53554619,-0.00996529
1.78327859,-0.02197006,1.53997648,-0.00710889
1.78975043,-0.01842062,1.53438763,-0.01071227
1.77783059,-0.02495799,1.54460673,-0.00412356
1.76663061,-0.03110056,1.55433745,0.00000000
1.76083414,-0.03427961,1.55943737,0.00000000
1.77142821,-0.02846934,1.55005500,-0.00601651
1.77610671,-0.02590344,1.55259878,-0.00438529
1.78558536,-0.02070493,1.54276034,-0.01069426
1.77428133,-0.02690456,1.55252712,-0.00443125
1.81184846,-0.00630107,1.51965522,-0.02551058
1.81495657,-0.00459644,1.51704835,-0.02718225
1.81950154,-0.00210377,1.51324939,-0.02961836
1.81887482,-0.00244749,1.51377063,-0.02928412
1.81554642,-0.00427294,1.51654071,-0.02750778
1.79643022,-0.01475712,1.53250863,-0.01726824
1.78445335,-0.02132577,1.52382384,-0.02283743
1.80276415,-0.01128330,1.53946025,-0.01281047
1.80066007,-0.01243728,1.53766347,-0.01396266
1.78204751,-0.02264524,1.52176939,-0.02415486
1.78012027,-0.02370223,1.52012363,-0.02521021
1.79222050,-0.01706592,1.53045655,-0.01858415
1.81380360,-0.00522878,1.51049533,-0.03138442
1.81673177,-0.00362284,1.50805681,-0.03294814
1.80608838,-0.00946015,1.51689182,-0.02728263
1.81556044,-0.00426525,1.50893646,-0.03238406
1.81697051,-0.00349190,1.50776452,-0.03313557
1.80764161,-0.00860829,1.49851542,-0.03906662
1.84574698,0.00000000,1.53010436,-0.01881000
1.88267373,0.00000000,1.56071624,0.00000000
1.94647063,0.00000000,1.61360318,0.00000000
1.95467753,0.00000000,1.62040661,0.00000000
1.98830430,0.00000000,1.59090998,-0.01820323
1.95445336,-0.01702503,1.56223378,-0.03590014
1.96294549,-0.01275399,1.55388362,-0.04105327
1.97377197,-0.00730890,1.54531329,-0.04634227
1.98327342,-0.00253023,1.53787437,-0.05093304
1.98270708,-0.00281507,1.53589735,-0.05215312
1.96755214,-0.01043711,1.54610117,-0.04585605
1.96185912,-0.01330037,1.54008150,-0.04957096
1.98343220,-0.00245038,1.52160632,-0.06097253
2.00337787,0.00000000,1.53538620,-0.05246857
2.01415083,0.00000000,1.54364258,-0.04737331
2.01173714,-0.00119836,1.54179273,-0.04851491
2.02184825,0.00000000,1.54954187,-0.04373269
2.04130923,0.00000000,1.53307746,-0.05389336
2.03894891,-0.00115628,1.53485012,-0.05279940
2.06315186,0.00000000,1.55460411,-0.04060864
2.05195273,-0.00542817,1.54616546,-0.04581637
2.07980127,0.00000000,1.52363515,-0.05972048
2.04492795,-0.01676762,1.49961105,-0.07454645
2.05040909,-0.01413221,1.49409194,-0.07795245
2.02139288,-0.02808364,1.51523547,-0.06490417
2.02653308,-0.02561215,1.51138238,-0.06728202
2.01908874,-0.02919151,1.51693434,-0.06385574
2.03710122,-0.02053083,1.50340163,-0.07220717
2.04522585,-0.01662439,1.49439877,-0.07776310
2.05554857,-0.01166107,1.48386740,-0.08426232
2.07599718,-0.00182906,1.49714505,-0.07606829
2.06714012,-0.00608767,1.49075761,-0.08001016
2.07660745,-0.00153564,1.48243931,-0.08514363
2.06601928,-0.00662659,1.48999794,-0.08047898
2.07989647,0.00000000,1.47998982,-0.08665528
2.06452089,-0.00739247,1.49093061,-0.07990340
2.11812840,0.00000000,1.45221699,-0.10379470
2.12499935,0.00000000,1.45547559,-0.10178373
2.12506573,0.00000000,1.45397464,-0.10271000
2.10585612,-0.00903954,1.43937741,-0.11171838
2.17532855,0.00000000,1.39045281,-0.14191117
2.17429976,-0.00047294,1.39111041,-0.14150535
2.19504283,0.00000000,1.40577288,-0.13245671
2.18786231,-0.00327125,1.40896573,-0.13048631
2.18738874,-0.00348699,1.40725179,-0.13154403
2.17211358,-0.01044593,1.41567178,-0.12634781
2.18035345,-0.00669207,1.41030146,-0.12966199
2.18925667,-0.00263601,1.41747057,-0.12523773
2.18394396,-0.00505634,1.41403076,-0.12736053
2.18662536,-0.00383477,1.41576688,-0.12628913
2.18876580,-0.00285964,1.41715274,-0.12543387
2.19061858,-0.00201557,1.41453598,-0.12704875
2.18059416,-0.00658241,1.40664843,-0.13191639
2.20086818,0.00000000,1.41972671,-0.12384540
2.21518103,0.00000000,1.42895958,-0.11814752
2.22377561,0.00000000,1.43450373,-0.11472607
2.21834474,-0.00244218,1.43657255,-0.11344934
2.24881686,0.00000000,1.45486935,-0.10215785
2.26963678,0.00000000,1.46833877,-0.09384548
2.26650752,-0.00137875,1.46631430,-0.09509484
2.26911517,-0.00022982,1.46800132,-0.09405374
2.26213589,-0.00330489,1.46348608,-0.09684022
2.25659377,-0.00574674,1.45990061,-0.09905292
2.22632191,-0.01908450,1.44031627,-0.11113898
2.20637315,-0.02787390,1.42741045,-0.11910354
2.21642691,-0.02344422,1.43391471,-0.11508957
2.11750017,-0.06703126,1.49648134,-0.07647789
2.14838308,-0.05342427,1.47465574,-0.08994710
2.21638479,-0.02346278,1.51985763,-0.06205170
2.21805644,-0.02272625,1.52100394,-0.06134427
2.21589285,-0.02367953,1.52096659,-0.06136733
2.23163023,-0.01674565,1.51016461,-0.06803354
2.24720139,-0.00988501,1.52221193,-0.06059879
2.23585246,-0.01488534,1.51452438,-0.06534300
2.22956515,-0.01765553,1.51026547,-0.06797130
2.24630193,-0.01028131,1.52160265,-0.06097480
2.26471312,-0.00216936,1.53407404,-0.05327834
2.26438127,-0.00231557,1.53384926,-0.05341706
2.27790361,0.00000000,1.52315563,-0.06001641
2.28394165,0.00000000,1.52566990,-0.05846478
2.28141548,-0.00110606,1.52398242,-0.05950617
2.28893221,0.00000000,1.52900358,-0.05640746
2.30160478,0.00000000,1.53746885,-0.05118331
2.30184684,0.00000000,1.53763054,-0.05108352
2.28062266,-0.00922050,1.52345281,-0.05983301
2.29236697,-0.00411838,1.53129800,-0.05499151
2.30043133,-0.00061495,1.53668498,-0.05166705
2.30095143,-0.00038899,1.53703241,-0.05145264
2.31045659,0.00000000,1.54338184,-0.04753422
2.31199397,0.00000000,1.54440881,-0.04690045
2.30828916,-0.00160243,1.54193400,-0.04842773
2.31322167,0.00000000,1.54522891,-0.04639434
2.31369453,0.00000000,1.54336781,-0.04754288
2.30568538,-0.00346163,1.53648188,-0.05179239
2.31527109,0.00000000,1.54286969,-0.04785029
2.34741869,0.00000000,1.56429247,-0.03462967
2.35587590,0.00000000,1.56992826,-0.03115166
2.35361664,-0.00095899,1.56842271,-0.03208077
2.37370075,0.00000000,1.58180653,-0.02382123
2.38195604,0.00000000,1.58730776,-0.02042627
2.39427519,0.00000000,1.59551710,-0.01536004
2.39028163,-0.00166796,1.59285584,-0.01700238
2.38213856,-0.00506902,1.58742939,-0.02035120
2.38031675,-0.00582992,1.58705599,-0.02058164
2.39767145,0.00000000,1.57548489,-0.02772250
2.39108003,-0.00274909,1.57272923,-0.02942310
2.38281589,-0.00619583,1.57659223,-0.02703913
2.38396456,-0.00571675,1.57892884,-0.02559714
2.38987036,-0.00325361,1.58284033,-0.02318325
2.40739639,0.00000000,1.56964979,-0.03132351
2.38816944,-0.00798662,1.55868325,-0.03809128
2.38022461,-0.01128679,1.55349791,-0.04129131
2.40242484,-0.00206512,1.56798730,-0.03234948
2.40946510,0.00000000,1.56182435,-0.03615282
2.44427349,0.00000000,1.58282545,-0.02319243
2.46341277,0.00000000,1.59521937,-0.01554378
2.47722708,0.00000000,1.60416504,-0.01002315
2.46084075,-0.00661479,1.59355382,-0.01657164
2.44720804,-0.01211800,1.58472576,-0.02201969
2.48372423,0.00000000,1.55949444,-0.03759067
2.52954908,0.00000000,1.58670770,-0.02079658
2.55729898,0.00000000,1.60411435,-0.01005443
2.51477166,-0.01662978,1.57743828,-0.02651700
2.49384936,-0.02481119,1.56431437,-0.03461615
2.48879842,-0.02678630,1.56114607,-0.03657140
2.50818615,-0.01920496,1.54742360,-0.04503994
2.50334960,-0.02109623,1.54289227,-0.04783636
2.49483670,-0.02442510,1.53764550,-0.05107429
2.48981671,-0.02638810,1.53455152,-0.05298367
2.50382368,-0.02091085,1.54318446,-0.04765604
2.50030102,-0.02228835,1.54101333,-0.04899590
2.50180409,-0.02170059,1.54193972,-0.04842420
2.50573211,-0.02016459,1.54436068,-0.04693016
2.50548995,-0.02025928,1.54296556,-0.04779112
2.50089977,-0.02205421,1.54579235,-0.04604663
2.49988033,-0.02245285,1.54642246,-0.04565777
2.51894049,-0.01499961,1.53463187,-0.05293408
2.52577872,-0.01232560,1.53046577,-0.05550511
2.50113845,-0.02196088,1.51400482,-0.06566364
2.50257715,-0.02139829,1.51487570,-0.06512619
2.51073701,-0.01820748,1.51981508,-0.06207796
2.45090187,-0.04160527,1.48359530,-0.08443024
2.44022421,-0.04578064,1.47713183,-0.08841903
2.43054705,-0.04956477,1.48151254,-0.08571557
2.47702811,-0.03138893,1.45318053,-0.10320007
2.44573742,-0.04362476,1.43337026,-0.11542557
2.45734294,-0.03908657,1.44017189,-0.11122808
2.44410437,-0.04426335,1.44649043,-0.10732873
2.50572877,-0.02016589,1.48151502,-0.08571404
2.50347466,-0.02104733,1.48136624,-0.08580585
2.53691599,-0.00797052,1.46157821,-0.09801762
2.60302285,0.00000000,1.42349245,-0.12152145
2.62501708,0.00000000,1.43694373,-0.11322027
2.64133183,0.00000000,1.44587449,-0.10770885
2.63778681,-0.00134213,1.44393393,-0.10890642
2.63979271,-0.00058270,1.44503197,-0.10822879
2.68232018,0.00000000,1.46831166,-0.09386222
2.68954555,0.00000000,1.47226685,-0.09142135
2.68636482,-0.00118263,1.47052571,-0.09249586
2.67991484,-0.00358080,1.47258593,-0.09122444
2.66823871,-0.00792210,1.46469743,-0.09609266
2.66448204,-0.00931886,1.46263525,-0.09736529
2.69597969,0.00000000,1.44388236,-0.10893824
2.71256544,0.00000000,1.43499955,-0.11442008
2.71370996,0.00000000,1.43439408,-0.11479374
2.69848336,-0.00561099,1.44244245,-0.10982685
2.69600330,-0.00652489,1.44376814,-0.10900873
2.73857378,0.00000000,1.42097072,-0.12307768
2.72806480,-0.00383739,1.41409693,-0.12731970
2.65866010,-0.02918077,1.44865888,-0.10599052
2.66010482,-0.02865322,1.44787168,-0.10647632
2.67938594,-0.02161265,1.45691835,-0.10089336
2.68565606,-0.01932310,1.46032773,-0.09878933
2.69869863,-0.01456056,1.46741964,-0.09441271
2.70256038,-0.01315042,1.46385239,-0.09661416
2.69517846,-0.01584596,1.45839009,-0.09998510
2.68664871,-0.01896063,1.46154724,-0.09803673
2.70379511,-0.01269956,1.45221953,-0.10379314
2.69629112,-0.01543966,1.45624995,-0.10130584
2.70138115,-0.01358102,1.46045530,-0.09871060
2.74131900,0.00000000,1.48204701,-0.08538573
2.76874718,0.00000000,1.49687558,-0.07623459
2.76656393,-0.00078853,1.49569524,-0.07696301
2.80082655,0.00000000,1.51421874,-0.06553162
2.81225398,0.00000000,1.52039679,-0.06171897
2.81697897,0.00000000,1.52295127,-0.06014252
2.78491912,-0.01138093,1.53876093,-0.05038592
2.76264346,-0.01928857,1.54799145,-0.04468950
2.75760566,-0.02107695,1.55081428,-0.04294745
2.74605773,-0.02517635,1.54276918,-0.04791232
2.78953017,-0.00974406,1.51680305,-0.06393677
2.77551132,-0.01472061,1.52442579,-0.05923256
2.82486023,0.00000000,1.49732132,-0.07595951
2.83387431,0.00000000,1.49254339,-0.07890811
2.83572704,0.00000000,1.49156760,-0.07951030
2.82882876,-0.00243263,1.49519603,-0.07727109
2.83423748,-0.00052529,1.49233722,-0.07903534
2.78226738,-0.01885219,1.46348059,-0.09684361
2.85874152,0.00000000,1.50370620,-0.07201921
2.88336269,0.00000000,1.51665701,-0.06402689
2.87321708,-0.00351867,1.51132039,-0.06732028
2.85979905,-0.00817228,1.50426247,-0.07167593
2.82237043,-0.02115317,1.52244576,-0.06045449
2.80480365,-0.02724563,1.52887676,-0.05648573
2.84466109,-0.01342238,1.55213162,-0.04213448
2.76501656,-0.04104448,1.59403590,-0.01627413
2.79316901,-0.03128073,1.60867179,-0.00724190
2.77764208,-0.03666574,1.61600556,-0.00271602
2.72139432,-0.05617343,1.64872997,0.00000000
2.69367497,-0.06578698,1.63028774,-0.01118572
2.67342855,-0.07280879,1.64091115,-0.00474233
2.70168957,-0.06300738,1.65661644,0.00000000
2.73530397,-0.05134932,1.67722804,0.00000000
2.68308776,-0.06945881,1.70756865,0.00000000
2.68540571,-0.06865490,1.70733627,-0.00013609
2.70322143,-0.06247610,1.71866321,0.00000000
2.71637874,-0.05791292,1.70857934,-0.00586727
2.70937164,-0.06034310,1.71298675,-0.00330283
2.71842040,-0.05720484,1.72042077,0.00000000
2.71192247,-0.05945843,1.72281273,0.00000000
2.70415175,-0.06215345,1.71615338,-0.00386539
2.68810897,-0.06771736,1.70597205,-0.00977511
2.65832559,-0.07804676,1.68707043,-0.02074648
2.64272292,-0.08345803,1.67716840,-0.02649407
2.64950063,-0.08110740,1.68146979,-0.02399735
2.68399773,-0.06914321,1.65789520,-0.03768113
2.68840670,-0.06761411,1.65896070,-0.03706266
2.68592129,-0.06847609,1.65742701,-0.03795288
2.72874823,-0.05362297,1.68385464,-0.02261307
2.79580194,-0.03036758,1.64079332,-0.04760785
2.77949754,-0.03602223,1.62958384,-0.05411435
2.82117518,-0.02156770,1.65401890,-0.03993111
2.83146151,-0.01800023,1.64633414,-0.04439170
2.85991816,-0.00813097,1.62649554,-0.05590694
2.90309907,0.00000000,1.64942694,-0.04259650
2.91200653,0.00000000,1.65448781,-0.03965894
2.90466130,-0.00252240,1.65031453,-0.04208130
2.87051849,-0.01424724,1.63091593,-0.05334114
2.87017854,-0.01436398,1.63072278,-0.05345325
2.88151005,-0.01047267,1.63716090,-0.04971627
2.92785749,0.00000000,1.66349370,-0.03443150
2.96279974,0.00000000,1.64197739,-0.04692056
2.87509791,-0.02960100,1.69058156,-0.01870846
2.84742855,-0.03893992,1.70685137,-0.00926470
2.85113161,-0.03769007,1.70463162,-0.01055315
2.83632904,-0.04268621,1.69748611,-0.01470074
2.77192144,-0.06442497,1.73433528,0.00000000
2.67945025,-0.09563572,1.79219264,0.00000000
2.67067973,-0.09859593,1.78453415,-0.00427325
2.64540993,-0.10712496,1.76764900,-0.01369476
2.59021850,-0.12575310,1.73077037,-0.03427213
2.53604116,-0.14403896,1.69456936,-0.05447142
2.55515831,-0.13758656,1.70734334,-0.04734385
2.51356364,-0.15162554,1.73342934,-0.03278850
2.48624765,-0.16084519,1.75226727,-0.02227739
2.46355812,-0.16850333,1.76475395,-0.01531012
2.45702537,-0.17070825,1.76183902,-0.01693658
2.47104166,-0.16597750,1.77188957,-0.01132862
2.46560981,-0.16781085,1.76799459,-0.01350192
2.47265519,-0.16543290,1.77304656,-0.01068304
2.47645084,-0.16415180,1.77576828,-0.00916439
2.42854669,-0.18032034,1.74141804,-0.02833099
2.41126238,-0.18615412,1.72902412,-0.03524650
2.42664763,-0.18096131,1.74005630,-0.02909081
2.44780965,-0.17381873,1.75523078,-0.02062382
2.45447806,-0.17156802,1.76001244,-0.01795577
2.44052503,-0.17627742,1.75000726,-0.02353842
2.45816903,-0.17032225,1.76265909,-0.01647900
2.44662884,-0.17421728,1.75438406,-0.02109627
2.42444663,-0.18170418,1.73847805,-0.02997144
2.43431153,-0.17837460,1.74555179,-0.02602446
2.48192541,-0.16230403,1.77969388,-0.00697400
2.48115874,-0.16256279,1.77914414,-0.00728075
2.46769395,-0.16710741,1.76948905,-0.01266805
2.45537538,-0.17126516,1.76065587,-0.01759675
2.45356917,-0.17187479,1.76019039,-0.01785648
2.46406088,-0.16833364,1.76595695,-0.01463888
2.46706783,-0.16731874,1.76811199,-0.01343642
2.45327481,-0.17197414,1.77622914,-0.00890724
2.46030579,-0.16960105,1.77113855,-0.01174767
2.43739317,-0.17733449,1.78763301,-0.00254416
2.46076759,-0.16944518,1.77048974,-0.01210969
2.45497658,-0.17139976,1.77111531,-0.01176064
2.53766158,-0.14349203,1.82899636,0.00000000
2.55247513,-0.13849219,1.83967309,0.00000000
2.56955939,-0.13272593,1.85198641,0.00000000
2.57847640,-0.12971627,1.85841327,0.00000000
2.57744772,-0.13006347,1.85767186,-0.00039895
2.58656316,-0.12698684,1.84924432,-0.00493375
2.60013245,-0.12240695,1.83584456,-0.01214407
2.59460805,-0.12427154,1.83010817,-0.01523079
2.59105178,-0.12547185,1.82759975,-0.01658055
2.58257294,-0.12833362,1.82161920,-0.01979865
2.59749410,-0.12329745,1.83214385,-0.01413540
2.62363459,-0.11447455,1.85058205,-0.00421392
2.58917886,-0.12610399,1.82627869,-0.01729141
2.58159144,-0.12866489,1.82092690,-0.02017117
2.57560733,-0.13068464,1.81670600,-0.02244241
2.57240743,-0.13176467,1.81444895,-0.02365691
2.57540278,-0.13075368,1.81656172,-0.02252004
2.58646502,-0.12701997,1.82436448,-0.01832143
2.57443060,-0.13108181,1.81587600,-0.02288903
2.57901807,-0.12953345,1.81911177,-0.02114788
2.58205280,-0.12850917,1.82125232,-0.01999606
2.58372261,-0.12794558,1.82243012,-0.01936230
2.57885009,-0.12959015,1.82404452,-0.01849360
2.56792525,-0.13327748,1.83177176,-0.01433562
2.56720976,-0.13351898,1.83228214,-0.01406099
2.59829524,-0.12302705,1.81009565,-0.02599939
2.71635581,-0.08317941,1.72784906,-0.07025574
2.70994042,-0.08534472,1.73192983,-0.06805991
2.69464104,-0.09050855,1.73824384,-0.06466238
2.73836376,-0.07575132,1.70656295,-0.08170966
2.74681205,-0.07289986,1.71353453,-0.07795830
2.78726716,-0.05924551,1.73877151,-0.06437845
2.76224831,-0.06768984,1.75264017,-0.05691581
2.76061833,-0.06823999,1.75016910,-0.05824547
2.77189850,-0.06443272,1.75557031,-0.05533912
2.88019739,-0.02787983,1.68522409,-0.09319196
2.91340034,-0.01667322,1.70296615,-0.08364508
2.89350345,-0.02338879,1.71289348,-0.07830324
2.93601717,-0.00903962,1.73634782,-0.06568262
2.94775563,-0.00507767,1.74328989,-0.06194714
2.94462752,-0.00613346,1.74339655,-0.06188974
2.96471751,0.00000000,1.73150206,-0.06829009
2.94387498,-0.00703019,1.74367485,-0.06173999
2.93108741,-0.01134344,1.73435702,-0.06675385
2.92754169,-0.01253942,1.73225898,-0.06788280
2.93209476,-0.01100366,1.72783262,-0.07026459
2.94623586,-0.00623387,1.71949952,-0.07474858
2.94402428,-0.00697983,1.71992828,-0.07451786
2.91231330,-0.01767595,1.70140241,-0.08448651
2.91556085,-0.01658055,1.70329967,-0.08346561
2.91760848,-0.01588989,1.70040012,-0.08502584
2.92127603,-0.01465282,1.70083719,-0.08479065
2.94722312,-0.00590086,1.68402934,-0.09383485
2.97614528,0.00000000,1.66750335,-0.10272737
3.00358162,0.00000000,1.65213106,-0.11099911
3.01362560,0.00000000,1.65600366,-0.10891528
3.00156189,-0.00400306,1.64937458,-0.11248235
3.00461626,-0.00298954,1.64604681,-0.11427300
3.00347127,-0.00336947,1.64377349,-0.11549626
2.99920222,-0.00478606,1.64446613,-0.11512355
3.01102498,-0.00086295,1.64930410,-0.11252027
3.01671693,0.00000000,1.65242190,-0.11084261
3.00034604,-0.00542673,1.64345466,-0.11566782
3.01182630,-0.00162118,1.64974303,-0.11228409
3.01960484,0.00000000,1.65400376,-0.10999142
3.00590654,-0.00453646,1.64650045,-0.11402890
2.94375325,-0.02511971,1.61245567,-0.13234817
2.97711265,-0.01407210,1.59257044,-0.14304828
2.95503057,-0.02138501,1.57916533,-0.15026148
2.93894202,-0.02671304,1.57056763,-0.15488785
2.94890421,-0.02341387,1.57589141,-0.15202316
2.88384109,-0.04496077,1.60908518,-0.13416181
2.88906508,-0.04323074,1.60617037,-0.13573025
2.90536329,-0.03783328,1.61362516,-0.13171888
2.89800260,-0.04027091,1.60953706,-0.13391865
2.90094351,-0.03929697,1.61117043,-0.13303975
2.89734302,-0.04048934,1.60917073,-0.13411577
2.97086639,-0.01614067,1.65000527,-0.11214298
3.00569749,-0.00460569,1.62901024,-0.12344027
2.96952706,-0.01658421,1.60777780,-0.13486531
2.96092184,-0.01943400,1.60311870,-0.13737233
2.94605636,-0.02435699,1.60956413,-0.13390409
2.96716634,-0.01736601,1.59803080,-0.14011010
2.96237039,-0.01895428,1.59704587,-0.14064009
2.99099758,-0.00947384,1.61247909,-0.13233557
2.96052350,-0.01956592,1.59605019,-0.14117585
2.89101020,-0.04258658,1.55857482,-0.16134110
2.90361525,-0.03841217,1.56537034,-0.15768448
2.90263727,-0.03873605,1.56484310,-0.15796818
2.89071696,-0.04268369,1.55841673,-0.16142617
2.92166357,-0.03243513,1.57510038,-0.15244881
2.97500046,-0.01477160,1.60385487,-0.13697620
2.96759567,-0.01722383,1.59986287,-0.13912428
2.97215658,-0.01571340,1.60232171,-0.13780119
2.96941436,-0.01662154,1.60219775,-0.13786789
3.05028659,0.00000000,1.55856177,-0.16134813
3.04137686,-0.00292095,1.55245073,-0.16463644
3.03901072,-0.00369666,1.55210606,-0.16482190
3.03641548,-0.00454748,1.55343152,-0.16410868
3.03693881,-0.00437591,1.55316378,-0.16425275
3.03692570,-0.00438021,1.55160391,-0.16509210
3.04494461,-0.00175130,1.54595534,-0.16813156
3.04203936,-0.00270376,1.54293436,-0.16975714
3.03995365,-0.00338753,1.54187647,-0.17032637
3.03931467,-0.00359701,1.54155238,-0.17050077
3.03976525,-0.00344930,1.54178092,-0.17037779
3.06974246,0.00000000,1.55698548,-0.16219632
3.08134426,0.00000000,1.54954402,-0.16620052
3.09445685,0.00000000,1.55458852,-0.16348610
3.11100258,0.00000000,1.54472171,-0.16879537
3.07206764,-0.01251524,1.52384443,-0.18002930
3.05591006,-0.01770893,1.51582975,-0.18434195
3.05973057,-0.01648086,1.51772485,-0.18332221
3.15007231,0.00000000,1.56253726,-0.15920894
3.18220427,0.00000000,1.57847574,-0.15063255
3.18942598,0.00000000,1.57331506,-0.15340947
3.20682570,0.00000000,1.58347150,-0.14794436
3.20139360,-0.00169392,1.58078923,-0.14938767
3.24400864,0.00000000,1.55816592,-0.16156113
3.27051712,0.00000000,1.56934034,-0.15554825
3.25592485,-0.00446176,1.57477302,-0.15262496
3.26622992,-0.00131086,1.57818244,-0.15079037
3.24198340,-0.00872453,1.56646697,-0.15709439
3.23573233,-0.01063587,1.56792091,-0.15631204
3.23341452,-0.01134457,1.56522985,-0.15776007
3.24270107,-0.00850509,1.56972528,-0.15534111
3.28493727,0.00000000,1.54770988,-0.16718746
3.29022177,0.00000000,1.55174740,-0.16501489
3.30450175,0.00000000,1.55848218,-0.16139095
3.31271289,0.00000000,1.55305113,-0.16431337
3.29163565,-0.00636253,1.55982636,-0.16066766
3.24622601,-0.02007022,1.58134489,-0.14908868
3.39748301,0.00000000,1.65344587,-0.11029161
3.35620833,-0.01214861,1.63335881,-0.12110033
3.30267459,-0.02790549,1.65777861,-0.10796020
3.26255310,-0.03971467,1.67791760,-0.09712353
3.26837707,-0.03800047,1.68259076,-0.09460894
3.25921747,-0.04069646,1.67787532,-0.09714629
3.25528893,-0.04185277,1.67585287,-0.09823455
3.26605538,-0.03868382,1.68139554,-0.09525208
3.26894600,-0.03783301,1.68288365,-0.09445134
3.27118456,-0.03717412,1.68403608,-0.09383122
3.26783000,-0.03816149,1.68407901,-0.09380812
3.27149495,-0.03708276,1.68219027,-0.09482444
3.26948433,-0.03767456,1.68322412,-0.09426813
3.26474545,-0.03906938,1.68566383,-0.09295534
3.25073857,-0.04319210,1.68011742,-0.09593983
3.24364587,-0.04527974,1.68210311,-0.09487134
3.25606411,-0.04162461,1.69022512,-0.09050094
3.23639454,-0.04741406,1.68001463,-0.09599514
3.25164826,-0.04292435,1.68793285,-0.09173440
3.25806738,-0.04103497,1.69126502,-0.08994138
3.26230025,-0.03978909,1.69346230,-0.08875903
3.27681949,-0.03551556,1.70099925,-0.08470345
3.30518814,-0.02716566,1.71572543,-0.07677939
3.30992222,-0.02577225,1.71155224,-0.07902495
3.37227587,-0.00741936,1.67930933,-0.09637465
3.35057848,-0.01380567,1.69011409,-0.09056069
3.36766547,-0.00877636,1.68149499,-0.09519856
3.39047668,-0.00206221,1.67010522,-0.10132732
3.39798095,0.00000000,1.67547183,-0.09843959
3.38196215,-0.00471421,1.66757331,-0.10268973
3.39390815,-0.00119859,1.67346363,-0.09952019
3.38357103,-0.00424073,1.66836661,-0.10226286
3.37777363,-0.00594686,1.66955682,-0.10162242
3.36130807,-0.01079255,1.65974871,-0.10690009
3.34665677,-0.01510432,1.65251419,-0.11079295
3.35257018,-0.01336404,1.65543412,-0.10922175
3.33275338,-0.01919598,1.66356384,-0.10484720
3.32882069,-0.02035334,1.66552686,-0.10379091
3.32233526,-0.02226195,1.66877175,-0.10204486
3.32244230,-0.02223045,1.66715674,-0.10291388
3.33449812,-0.01868252,1.67320619,-0.09965871
3.30220025,-0.02818753,1.65699956,-0.10837940
3.31043469,-0.02576420,1.66113149,-0.10615603
3.34539027,-0.01547704,1.67867173,-0.09671775
3.28384267,-0.03359003,1.64778797,-0.11333609
3.29769991,-0.02951195,1.65474135,-0.10959452
3.29536475,-0.03019917,1.65425836,-0.10985442
3.23970861,-0.04657835,1.62797349,-0.12399814
3.25321437,-0.04260370,1.63476021,-0.12034624
3.24829301,-0.04405202,1.63228720,-0.12167696
3.23967088,-0.04658945,1.62795453,-0.12400834
3.23735803,-0.04727011,1.62748880,-0.12425894
3.23501697,-0.04795906,1.62468441,-0.12576797
3.23779940,-0.04714021,1.62608179,-0.12501604
3.23847018,-0.04694281,1.62641867,-0.12483477
3.24982657,-0.04360071,1.63212206,-0.12176582
3.24475615,-0.04509290,1.62957560,-0.12313605
3.24441738,-0.04519259,1.62940546,-0.12322760
3.25004847,-0.04353541,1.63223350,-0.12170585
3.24831062,-0.04404684,1.63136072,-0.12217549
3.23662123,-0.04748694,1.62549010,-0.12533443
3.25255633,-0.04279736,1.63349299,-0.12102813
3.33186088,-0.01945863,1.67332118,-0.09959684
3.34728257,-0.01492015,1.66390281,-0.10466480
3.42474272,0.00000000,1.62539809,-0.12538394
3.41989811,-0.00141459,1.62769737,-0.12414671
3.43261165,0.00000000,1.62164637,-0.12740271
3.43768773,0.00000000,1.61924831,-0.12869309
3.43210170,-0.00162494,1.62187949,-0.12727728
3.42724053,-0.00303902,1.62417669,-0.12604117
3.41156880,-0.00759782,1.63160356,-0.12204482
3.36866490,-0.02007827,1.65212261,-0.11100365
3.39870175,-0.01134076,1.66520171,-0.10396587
3.38872633,-0.01424254,1.66031423,-0.10659579
3.38996930,-0.01388097,1.66092322,-0.10626810
3.38383977,-0.01566401,1.65792004,-0.10788409
3.36866030,-0.02007961,1.66369934,-0.10477429
3.40892316,-0.00836742,1.64381449,-0.11547420
3.42493366,-0.00371007,1.64989109,-0.11220442
3.42077464,-0.00491990,1.65024472,-0.11201413
3.41306350,-0.00716302,1.64487449,-0.11490382
3.42139360,-0.00473985,1.63921505,-0.11794912
3.43327239,-0.00128439,1.64654548,-0.11400467
3.43356647,-0.00119885,1.64668652,-0.11392878
3.44753910,0.00000000,1.65338758,-0.11032298
3.46496414,0.00000000,1.66174436,-0.10582625
3.46931450,0.00000000,1.65799625,-0.10784308
3.46568379,-0.00104652,1.65460313,-0.10966890
3.49076281,0.00000000,1.66657647,-0.10322612
3.49058252,-0.00005165,1.66499597,-0.10407658
3.47192921,-0.00539527,1.67389354,-0.09928886
3.47223623,-0.00530732,1.67571545,-0.09830850
3.45620537,-0.00989968,1.68177629,-0.09504720
3.48479643,-0.00170919,1.66786399,-0.10253332
3.47797141,-0.00366436,1.67113053,-0.10077561
3.46958930,-0.00606558,1.67515805,-0.09860843
3.46363779,-0.00777051,1.67060943,-0.10105601
3.44431285,-0.01330654,1.67825978,-0.09693941
3.42125393,-0.01991223,1.68949536,-0.09089362
3.41020146,-0.02307844,1.69495333,-0.08795672
3.41885604,-0.02059916,1.69755992,-0.08655413
3.41754792,-0.02097390,1.69651188,-0.08711808
3.40675599,-0.02406546,1.69285115,-0.08908789
3.42136493,-0.01988043,1.70011048,-0.08518169
3.47140354,-0.00554586,1.67354568,-0.09947604
3.45801251,-0.00938199,1.66541639,-0.10385035
3.48087157,-0.00283355,1.67642556,-0.09792639
3.51151331,0.00000000,1.69118296,-0.08998553
3.52440844,0.00000000,1.69739339,-0.08664374
3.50778725,-0.00471602,1.68938845,-0.09095115
3.50440451,-0.00567583,1.68775928,-0.09182779
3.48513612,-0.01114295,1.67847942,-0.09682123
3.45985958,-0.01831481,1.68897439,-0.09117395
3.46690925,-0.01631457,1.68553301,-0.09302574
3.52456340,0.00000000,1.65750286,-0.10810857
3.46222724,-0.01768621,1.68681780,-0.09233440
3.49682460,-0.00787014,1.66996176,-0.10140452
3.49444059,-0.00854654,1.67110028,-0.10079189
3.52436316,-0.00005681,1.65679080,-0.10849173
3.55269276,0.00000000,1.64347316,-0.11565787
3.55907233,0.00000000,1.64052197,-0.11724588
3.55212810,-0.00195113,1.64372285,-0.11552351
3.57360579,0.00000000,1.63378420,-0.12087143
3.58406407,0.00000000,1.62900287,-0.12344423
3.59680237,0.00000000,1.62321315,-0.12655964
3.57475353,-0.00613012,1.61163944,-0.13278738
3.56862219,-0.00783479,1.61279205,-0.13216717
3.56224782,-0.00960702,1.60829845,-0.13458515
3.55754923,-0.01091334,1.60881149,-0.13430908
3.57625532,-0.00571259,1.61566204,-0.13062285
3.58725734,-0.00265375,1.62063247,-0.12794829
3.55908046,-0.01048762,1.60790286,-0.13479801
3.59219210,-0.00128177,1.62286187,-0.12674866
3.57992008,-0.00469369,1.61731768,-0.12973196
3.58051809,-0.00452743,1.61758785,-0.12958658
3.57845001,-0.00510241,1.61665354,-0.13008932
3.57666041,-0.00559996,1.61584505,-0.13052437
3.57079211,-0.00723149,1.61688035,-0.12996728
3.56924753,-0.00766093,1.61456407,-0.13121365
3.56444574,-0.00899594,1.61239196,-0.13238245
3.57344545,-0.00649380,1.61646302,-0.13019184
3.57076652,-0.00723861,1.61525120,-0.13084392
3.56893524,-0.00774775,1.61442280,-0.13128967
3.56061901,-0.01005987,1.61657026,-0.13013414
3.56787452,-0.00804266,1.61327616,-0.13190667
3.55519580,-0.01156765,1.61900906,-0.12882183
3.52429670,-0.02015837,1.63308028,-0.12125021
3.53968646,-0.01587963,1.62594901,-0.12508750
3.57029927,-0.00736852,1.61188706,-0.13265414
3.52940116,-0.01873920,1.63035138,-0.12271861
3.52185220,-0.02083800,1.63383850,-0.12084221
3.54358322,-0.01479624,1.64228600,-0.11629667
3.53921118,-0.01601177,1.64025976,-0.11738697
3.51863071,-0.02173365,1.63072167,-0.12251935
3.51735935,-0.02208712,1.63013246,-0.12283641
3.57233499,-0.00680253,1.65561111,-0.10912651
3.60190907,0.00000000,1.66931732,-0.10175129
3.64700588,0.00000000,1.69021759,-0.09050499
3.65872111,0.00000000,1.69564706,-0.08758343
3.63894904,-0.00540409,1.68648362,-0.09251422
3.62316309,-0.00971870,1.67916757,-0.09645094
3.69774755,0.00000000,1.71373400,-0.07785097
3.71691363,0.00000000,1.72261658,-0.07307131
3.70483236,-0.00325035,1.71701747,-0.07608415
3.66770708,-0.01323855,1.69981164,-0.08534250
3.69228530,-0.00662602,1.71120250,-0.07921315
3.69039722,-0.00713398,1.71032746,-0.07968400
3.68075235,-0.00972885,1.71308709,-0.07819907
3.72750707,0.00000000,1.69132661,-0.08990823
3.72404366,-0.00092915,1.69289811,-0.08906262
3.73379883,0.00000000,1.69563977,-0.08758735
3.72212991,-0.00312521,1.69924337,-0.08564828
3.73085932,-0.00078727,1.69525818,-0.08779268
3.76396770,0.00000000,1.70860698,-0.08060978
3.77672615,0.00000000,1.71439852,-0.07749339
3.79848243,0.00000000,1.72427451,-0.07217918
3.79140011,-0.00186451,1.72576517,-0.07137707
3.78060044,-0.00470767,1.73068096,-0.06873192
3.76799736,-0.00802559,1.72664221,-0.07090514
3.75813688,-0.01062149,1.72943402,-0.06940289
3.76925230,-0.00769521,1.72431889,-0.07215531
3.77493708,-0.00619862,1.72519518,-0.07168378
3.77285395,-0.00674703,1.72424317,-0.07219605
3.77967739,-0.00495067,1.71940052,-0.07480185
3.77412143,-0.00641335,1.72192796,-0.07344185
3.77605642,-0.00590394,1.72108886,-0.07389336
3.76568129,-0.00863533,1.72409666,-0.07227489
3.83371888,0.00000000,1.75352320,-0.05644066
3.87416433,0.00000000,1.77202274,-0.04648618
3.86783601,-0.00163347,1.76912819,-0.04804371
3.85326811,-0.00539374,1.76246491,-0.05162918
3.85837130,-0.00407650,1.76479909,-0.05037318
3.85682816,-0.00447482,1.76374012,-0.05094300
3.87654873,0.00000000,1.77099466,-0.04703938
3.88476326,0.00000000,1.77474745,-0.04502003
3.93795114,0.00000000,1.79904624,-0.03194501
3.93618032,-0.00044968,1.79823725,-0.03238032
3.95929234,0.00000000,1.80879594,-0.02669876
4.00139350,0.00000000,1.82802978,-0.01634916
4.05970617,0.00000000,1.85466982,-0.00201432
4.01384191,-0.01129743,1.83371681,-0.01328900
4.02365508,-0.00888022,1.83819994,-0.01087666
4.04282175,-0.00415902,1.84695620,-0.00616497
3.97518096,-0.02082052,1.81605462,-0.02279291
3.97220931,-0.02155251,1.81469703,-0.02352342
4.01201032,-0.01174860,1.83288005,-0.01373925
3.99211154,-0.01665013,1.82378933,-0.01863091
3.99569763,-0.01576679,1.82542763,-0.01774936
3.99025312,-0.01710790,1.82294031,-0.01908776
4.03223181,-0.00676757,1.84211821,-0.00876827
3.99714188,-0.01541104,1.82608743,-0.01739432
3.98341675,-0.01879186,1.81981713,-0.02076833
3.96322705,-0.02376505,1.82722094,-0.01678439
3.94268741,-0.02882444,1.83303617,-0.01365525
3.95405080,-0.02602537,1.82408703,-0.01847073
3.92934377,-0.03211129,1.83548490,-0.01233760
3.91967345,-0.03449331,1.82913219,-0.01575596
3.89905516,-0.03957208,1.81951058,-0.02093328
3.88777579,-0.04235045,1.82295463,-0.01908006
3.89427398,-0.04074979,1.81990767,-0.02071961
3.89534742,-0.04048538,1.81940602,-0.02098955
3.90926885,-0.03705621,1.81290371,-0.02448839
3.90779304,-0.03741973,1.81403221,-0.02388115
3.90852584,-0.03723923,1.81187801,-0.02504032
3.92015103,-0.03437568,1.80648891,-0.02794015
3.93340917,-0.03110989,1.80037928,-0.03122771
3.93739606,-0.03012782,1.80040376,-0.03121453
3.94289766,-0.02877265,1.80291941,-0.02986088
4.03086131,-0.00710516,1.84314145,-0.00821767
4.02270487,-0.00911428,1.83941185,-0.01022454
3.99441370,-0.01608305,1.85050879,-0.00425335
3.96166247,-0.02415044,1.83348548,-0.01341348
3.95113887,-0.02674265,1.82861508,-0.01603421
3.94152130,-0.02911168,1.82416401,-0.01842930
3.95820610,-0.02500182,1.83188585,-0.01427423
3.97319369,-0.02131004,1.83882221,-0.01054182
3.99297367,-0.01643777,1.84797652,-0.00561594
3.97188964,-0.02163125,1.83821869,-0.01086657
3.95712647,-0.02526776,1.83138619,-0.01454309
3.95958652,-0.02466180,1.83252472,-0.01393046
3.97580176,-0.02066760,1.84002925,-0.00989232
4.01345359,-0.01139308,1.85745478,-0.00051576
4.00790377,-0.01276013,1.85488628,-0.00189785
4.00824911,-0.01267507,1.85504611,-0.00181185
3.96194028,-0.02408201,1.87462312,0.00000000
3.98843309,-0.01755622,1.86208784,-0.00668683
3.99187031,-0.01670955,1.86183049,-0.00682411
3.99645363,-0.01558057,1.86396818,-0.00568378
4.05262142,-0.00174514,1.83590725,-0.02065262
4.03887150,-0.00513206,1.84213620,-0.01732984
4.06209033,0.00000000,1.83154605,-0.02297906
4.19904880,0.00000000,1.89146737,0.00000000
4.24487623,0.00000000,1.91211040,0.00000000
4.21275931,-0.00756604,1.92466540,0.00000000
4.31214860,0.00000000,1.96814830,0.00000000
4.30482417,-0.00169856,1.96480529,-0.00169856
4.31786541,0.00000000,1.97075756,0.00000000
4.32745645,0.00000000,1.96440927,-0.00322125
4.39351095,0.00000000,1.93049562,-0.02042968
4.39442352,0.00000000,1.92896611,-0.02120578
4.38200405,-0.00282619,1.93248877,-0.01941832
4.35711511,-0.00848995,1.94346493,-0.01384880
4.38031906,-0.00320963,1.95575838,-0.00761087
4.47190750,0.00000000,1.99665149,0.00000000
4.67168452,0.00000000,2.08584946,0.00000000
4.61251087,-0.01266645,2.05942915,-0.01266645
4.60506632,-0.01426000,2.06069362,-0.01206024
4.63583966,-0.00767279,2.04692304,-0.01866214
4.65484602,-0.00360437,2.05736210,-0.01365744
4.58635404,-0.01826546,2.02708981,-0.02817061
4.60657826,-0.01393636,2.03602857,-0.02388518
4.61892500,-0.01129347,2.04148562,-0.02126896
4.65962489,-0.00258143,2.05947427,-0.01264482
4.67737543,0.00000000,2.04956936,-0.01739344
4.74396567,0.00000000,2.02039033,-0.03138248
4.81000662,0.00000000,2.04649588,-0.01886693
4.77888299,-0.00647060,2.03325382,-0.02521545
4.80304577,-0.00144716,2.04353427,-0.02028679
4.80394300,-0.00126063,2.04391601,-0.02010377
4.80646468,-0.00073637,2.04498890,-0.01958941
4.84548268,0.00000000,2.06158975,-0.01163061
4.84220525,-0.00067639,2.06019531,-0.01229914
5.04452641,0.00000000,1.97205427,-0.05455580
4.98861219,-0.01108414,1.94822370,-0.06598068
4.92788760,-0.02312185,1.96999050,-0.05554521
4.93971551,-0.02077715,1.96526214,-0.05781209
4.90258187,-0.02813833,1.97610520,-0.05261370
4.77975166,-0.05248753,1.92461938,-0.07729708
4.78872883,-0.05070795,1.91908001,-0.07995277
4.83804999,-0.04093078,1.89931459,-0.08942873
4.96823803,-0.01512300,1.94852431,-0.06583656
5.00087915,-0.00865240,1.96132603,-0.05969914
5.03196743,-0.00248963,1.97351874,-0.05385371
5.23861589,0.00000000,2.05456549,-0.01499819
5.41410846,0.00000000,2.12339301,0.00000000
5.20965572,-0.03776296,2.04320742,-0.03776296
5.31284273,-0.01870404,2.00069465,-0.05778411
5.36947573,-0.00824378,1.97936796,-0.06782779
5.51448008,0.00000000,2.03084204,-0.04358636
5.67713924,0.00000000,2.09074525,-0.01537528
5.84869660,0.00000000,2.02547431,-0.04611426
5.85536383,0.00000000,2.01911442,-0.04910942
5.82732988,-0.00478774,2.00742832,-0.05461292
6.06479291,0.00000000,2.08923079,-0.01608851
6.07499957,0.00000000,2.09274683,-0.01443265
5.97054402,-0.01719433,2.05676345,-0.03137882
5.95139776,-0.02034598,2.06130229,-0.02924128
5.95862804,-0.01915581,2.05879804,-0.03042064
5.93636028,-0.02282128,2.05316298,-0.03307444
5.98859486,-0.01422300,2.07122895,-0.02456637
6.09834136,0.00000000,2.10918612,-0.00669066
6.11455426,0.00000000,2.11479355,-0.00404987
6.13461829,0.00000000,2.10573937,-0.00831388
6.04004902,-0.01541567,2.13820076,0.00000000
6.12339263,-0.00182989,2.16556652,0.00000000
6.04692211,-0.01429529,2.13852237,-0.01248826
5.91726905,-0.03542995,2.18223625,0.00000000
5.97150206,-0.02658947,2.16223560,-0.00916521
5.84707946,-0.04687151,2.11934536,-0.02881947
5.91496095,-0.03580619,2.14394984,-0.01754458
5.96800500,-0.02715952,2.16317630,-0.00873414
6.01906412,-0.01883641,2.14250612,-0.01820616
6.05275143,-0.01334506,2.13051501,-0.02370103
5.98614380,-0.02420273,2.15396030,-0.01295733
5.96013740,-0.02844201,2.14675653,-0.01625843
5.94105848,-0.03155205,2.13988457,-0.01940747
5.88440894,-0.04078646,2.11948022,-0.02875767
5.78385856,-0.05717711,2.08326340,-0.04535387
5.77632254,-0.05840555,2.08389451,-0.04506466
5.82244765,-0.05088673,2.06725419,-0.05269002
5.72979982,-0.06598919,2.10014871,-0.03761625
5.77270039,-0.05899599,2.08442432,-0.04482188
5.72996377,-0.06596246,2.09985579,-0.03775048
5.76084729,-0.06092816,2.08853793,-0.04293684
5.68775382,-0.07284308,2.11503724,-0.03079365
5.60287416,-0.08667925,2.14237035,-0.01826837
5.48936710,-0.10518196,2.18577204,0.00000000
5.52958839,-0.09862552,2.16975661,-0.00732713
5.55297730,-0.09481291,2.17676443,-0.00412102
5.52419053,-0.09950542,2.16548003,-0.00928368
5.60391597,-0.08650943,2.19673237,0.00000000
5.72936877,-0.06605945,2.24590981,0.00000000
5.74991577,-0.06271010,2.25396422,0.00000000
5.74282607,-0.06386579,2.25118506,-0.00123301
5.72641470,-0.06654099,2.25536712,0.00000000
5.70675196,-0.06974620,2.24536752,-0.00443369
5.60166225,-0.08687681,2.20401913,-0.02276702
5.65975898,-0.07740650,2.22687775,-0.01263181
5.65200121,-0.07867109,2.22770324,-0.01226580
5.65613126,-0.07799785,2.22607540,-0.01298756
5.64548485,-0.07973331,2.23026549,-0.01112973
5.57539445,-0.09115870,2.25795491,0.00000000
5.61752509,-0.08429101,2.24089261,-0.00755653
5.51557141,-0.10091041,2.20246306,-0.02457616
5.45026378,-0.11155617,2.17638459,-0.03612575
5.49366524,-0.10448132,2.19371554,-0.02845024
5.46102433,-0.10980210,2.18068146,-0.03422276
5.47402435,-0.10768297,2.18587260,-0.03192372
5.49194672,-0.10476146,2.19302931,-0.02875416
5.38937197,-0.12148210,2.15206944,-0.04689441
5.35422843,-0.12721083,2.16395079,-0.04163242
5.42550658,-0.11559182,2.19492233,-0.02791578
5.45306298,-0.11109987,2.20607045,-0.02297852
5.45997817,-0.10997263,2.20886803,-0.02173953
5.50274042,-0.10300199,2.18935943,-0.03037947
5.54037984,-0.09686641,2.17438394,-0.03701180
5.50748878,-0.10222796,2.18729241,-0.03129491
5.53108243,-0.09838197,2.19447530,-0.02811376
5.52080143,-0.10005787,2.19039628,-0.02992027
5.48197218,-0.10638740,2.17499065,-0.03674310
5.54159231,-0.09666877,2.14916117,-0.04818242
5.51498383,-0.10100620,2.15948057,-0.04361218
5.63996777,-0.08063265,2.20626056,-0.02289432
5.65846813,-0.07761692,2.21349759,-0.01968920
5.70256086,-0.07042939,2.23074592,-0.01205028
5.72173042,-0.06730457,2.23824474,-0.00872922
5.66092485,-0.07721645,2.21445862,-0.01926358
5.65257408,-0.07857770,2.21119194,-0.02071032
5.59168640,-0.08850296,2.18737370,-0.03125891
5.58223465,-0.09004368,2.18888369,-0.03059017
5.61235562,-0.08513369,2.17707277,-0.03582097
5.65052034,-0.07891248,2.16226841,-0.04237751
5.68730819,-0.07291572,2.14386637,-0.05052738
5.66500267,-0.07655173,2.15227457,-0.04680356
5.65971758,-0.07741324,2.15428251,-0.04591429
5.62851410,-0.08249970,2.16615962,-0.04065417
5.59366273,-0.08818080,2.15491307,-0.04563503
5.60920172,-0.08564780,2.14677189,-0.04924059
5.62871266,-0.08246734,2.15209241,-0.04688424
5.67174321,-0.07545296,2.16854478,-0.03959784
5.66583074,-0.07641674,2.16628420,-0.04059900
5.61871905,-0.08409639,2.14827143,-0.04857647
5.62413051,-0.08321427,2.15034046,-0.04766014
5.62114330,-0.08370121,2.14919832,-0.04816597
5.59780603,-0.08750540,2.15597194,-0.04516608
5.64194727,-0.08030997,2.17081678,-0.03859162
5.66331206,-0.07682731,2.17903718,-0.03495098
5.64527622,-0.07976732,2.17209764,-0.03802435
5.87603140,-0.04215207,2.08113931,-0.07830785
5.78402192,-0.05715048,2.04647078,-0.09366181
5.76228993,-0.06069299,2.05211340,-0.09116281
5.81010678,-0.05289840,2.03508448,-0.09870456
5.68223788,-0.07374223,2.07580247,-0.08067142
5.71404587,-0.06855723,2.08534659,-0.07644454
5.61954500,-0.08396175,2.05085840,-0.09171862
5.58386107,-0.08977856,2.03783551,-0.09748618
5.58687693,-0.08928695,2.03893616,-0.09699873
5.65248517,-0.07859220,2.06287995,-0.08639454
5.69307650,-0.07197543,2.07769379,-0.07983380
5.65967997,-0.07741938,2.06550570,-0.08523165
5.77629504,-0.05841003,2.10806448,-0.06638327
5.74410237,-0.06365774,2.09631573,-0.07158654
5.77947984,-0.05789088,2.08130838,-0.07823298
5.95197684,-0.02977226,2.14134675,-0.05164326
6.09382974,-0.00664891,2.08817089,-0.07519372
6.18114844,0.00000000,2.12018054,-0.06101733
6.16038015,-0.00335994,2.12518404,-0.05880138
6.19586579,0.00000000,2.11294234,-0.06422297
6.17523026,-0.00333053,2.11997956,-0.06110634
6.10801869,-0.01417834,2.09902556,-0.07038642
6.12677387,-0.01115129,2.10547079,-0.06753196
6.11733567,-0.01267460,2.10660876,-0.06702798
6.12781093,-0.01098391,2.10300143,-0.06862559
6.13594201,-0.00967157,2.10368893,-0.06832111
5.99254297,-0.03281588,2.15074916,-0.04747914
5.98941385,-0.03332092,2.14757071,-0.04888680
5.91935883,-0.04462765,2.12459928,-0.05906036
5.87015532,-0.05256900,2.10693897,-0.06688174
5.85762632,-0.05459115,2.10244201,-0.06887334
6.02995768,-0.02677723,2.03848573,-0.09719821
6.02564692,-0.02747298,2.03586605,-0.09835841
6.11901525,-0.01240352,2.06537624,-0.08528898
6.26087763,0.00000000,2.01542748,-0.10741022
6.31828162,0.00000000,2.03189086,-0.10011894
6.36798224,0.00000000,2.04787405,-0.09304033
6.33385684,-0.00535890,2.03689969,-0.09790064
6.27001401,-0.01538450,2.01636852,-0.10699345
6.22852640,-0.02189953,2.02769412,-0.10197759
6.31109495,-0.00893333,2.05254658,-0.09097096
6.32888731,-0.00613930,2.04470745,-0.09444274
6.22926614,-0.02178337,2.07689260,-0.08018863
6.30547629,-0.00981566,2.05148346,-0.09144180
6.27192506,-0.01508440,2.06239934,-0.08660739
6.52218767,0.00000000,2.14675568,-0.04924777
6.50672768,-0.00237037,2.14969752,-0.04794488
6.49383950,-0.00434642,2.15395553,-0.04605911
6.45104308,-0.01090809,2.16815076,-0.03977234
6.43166028,-0.01387991,2.15946819,-0.04361767
6.53428355,0.00000000,2.12285235,-0.05983404
6.46647309,-0.01037764,2.09869929,-0.07053091
6.39911157,-0.02068658,2.11846283,-0.06177806
6.40818813,-0.01929751,2.11545798,-0.06310885
6.46524847,-0.01056506,2.13217917,-0.05570339
6.29931009,-0.03596010,2.18477193,-0.03241118
6.43801940,-0.01473217,2.23506486,-0.01013751
6.64167821,0.00000000,2.30576839,0.00000000
6.66103473,0.00000000,2.31248832,0.00000000
6.57502989,-0.01291163,2.28263032,-0.01291163
6.55973152,-0.01520833,2.28565877,-0.01160203
6.51958070,-0.02123604,2.26938305,-0.01864021
6.43568310,-0.03383133,2.24017936,-0.03126890
6.54813636,-0.01694907,2.27932291,-0.01434187
6.61562503,-0.00681721,2.25355164,-0.02548626
6.60645756,-0.00819350,2.25268238,-0.02586216
6.58219988,-0.01183523,2.24441095,-0.02943901
6.58441715,-0.01150235,2.24141049,-0.03073652
6.66304644,0.00000000,2.26593538,-0.02013110
6.82715904,0.00000000,2.32174597,0.00000000
6.86442566,0.00000000,2.30675078,-0.00645858
6.86621626,0.00000000,2.30614906,-0.00671775
6.86808342,0.00000000,2.30552194,-0.00698786
6.89363121,0.00000000,2.29694590,-0.01068165
6.87664839,-0.00246355,2.30260454,-0.00824441
6.89006491,-0.00051733,2.29811210,-0.01017935
6.97145634,0.00000000,2.32296128,0.00000000
6.95250816,-0.00271796,2.31664756,-0.00271796
6.97970965,0.00000000,2.32571137,0.00000000
6.94648949,-0.00475953,2.31464207,-0.00475953
6.92638800,-0.00763952,2.30794405,-0.00763952
6.95690085,-0.00326787,2.31811124,-0.00326787
6.94457594,-0.00503369,2.31400446,-0.00503369
7.08692459,0.00000000,2.36143650,0.00000000
6.95560310,-0.01853011,2.31767882,-0.01853011
6.91946448,-0.02362945,2.30563706,-0.02362945
6.89800351,-0.02665770,2.29848604,-0.02665770
7.00204655,-0.01197671,2.26151934,-0.04231202
7.01507689,-0.01013806,2.26346636,-0.04148752
6.95792750,-0.01820213,2.24502668,-0.04929619
7.05863655,-0.00399158,2.27752120,-0.03553570
7.15718739,0.00000000,2.30931936,-0.02207010
7.13226958,-0.00348151,2.31504995,-0.01964336
7.05535956,-0.01422735,2.34001403,-0.00907179
7.18535589,0.00000000,2.38078922,0.00000000
7.19510799,0.00000000,2.37517718,-0.00235722
7.14698901,-0.00668774,2.36166780,-0.00803155
7.15688594,-0.00531223,2.36493816,-0.00665790
7.10787890,-0.01212339,2.34874417,-0.01345984
7.21545805,0.00000000,2.38429287,0.00000000
7.25785976,0.00000000,2.39830419,0.00000000
7.21148225,-0.00638997,2.38297910,-0.00638997
7.13450621,-0.01699586,2.35754296,-0.01699586
7.17339568,-0.01163760,2.37039368,-0.01163760
7.23494685,-0.00315698,2.39073280,-0.00315698
7.23727505,-0.00283620,2.38757273,-0.00447460
7.22725566,-0.00421668,2.39087812,-0.00309639
7.23120660,-0.00367232,2.39457602,-0.00155450
7.13590308,-0.01680339,2.36301676,-0.01471349
7.11529936,-0.01964221,2.35619395,-0.01755834
7.05429702,-0.02804721,2.37403836,-0.01011791
7.09321271,-0.02268534,2.36094176,-0.01557869
7.02248710,-0.03243004,2.33976202,-0.02440982
7.04115415,-0.02985806,2.33120275,-0.02797870
7.04911641,-0.02876101,2.33617011,-0.02590751
7.00089217,-0.03540542,2.32018797,-0.03257144
7.01622055,-0.03329345,2.32526799,-0.03045327
7.02621525,-0.03191637,2.31963035,-0.03280395
7.01428840,-0.03355967,2.32356787,-0.03116215
6.96367982,-0.04053260,2.30447960,-0.03912122
6.94891092,-0.04256749,2.30706258,-0.03804422
6.94010902,-0.04378023,2.30998484,-0.03682575
6.97054280,-0.03958701,2.32242457,-0.03163886
6.93570185,-0.04438745,2.31081637,-0.03647904
6.94236449,-0.04346946,2.31303621,-0.03555345
7.06406141,-0.02670186,2.35358282,-0.01864708
7.13722521,-0.01662123,2.32685274,-0.02979249
7.12590118,-0.01818147,2.32083407,-0.03230204
7.13521661,-0.01689798,2.32386801,-0.03103701
7.10819628,-0.02062088,2.31506776,-0.03470637
7.17464908,-0.01146491,2.33671077,-0.02568207
7.26350157,0.00000000,2.36564913,-0.01361590
7.22258134,-0.00563368,2.35232182,-0.01917287
7.20173047,-0.00850431,2.34553091,-0.02200442
7.18072883,-0.01139571,2.33869088,-0.02485644
7.18507241,-0.01079771,2.33493753,-0.02642144
7.12719711,-0.01876567,2.35374531,-0.01857933
7.18509126,-0.01079511,2.33462586,-0.02655140
7.13309683,-0.01795343,2.35152022,-0.01950710
7.18718227,-0.01050723,2.33369024,-0.02694152
7.27831751,0.00000000,2.30409847,-0.03928014
7.42800385,0.00000000,2.25671223,-0.05903836
7.46921801,0.00000000,2.24419090,-0.06425928
7.45093738,-0.00244746,2.24968347,-0.06196909
7.45419575,-0.00201122,2.24869967,-0.06237930
7.56218041,0.00000000,2.21612404,-0.07596207
7.52888787,-0.00440251,2.20858367,-0.07910611
7.57972972,0.00000000,2.19146073,-0.08624572
7.48645226,-0.01230617,2.16230078,-0.09840429
7.52297523,-0.00748767,2.17284965,-0.09400582
7.43740938,-0.01877644,2.19539066,-0.08460709
7.42430424,-0.02050541,2.18932687,-0.08713545
7.46380197,-0.01529444,2.20097421,-0.08227896
7.52960397,-0.00661313,2.22037833,-0.07418819
7.49543200,-0.01112147,2.21030148,-0.07838985
7.45996347,-0.01580086,2.19984229,-0.08275093
7.44446733,-0.01784528,2.19527269,-0.08465628
7.43709787,-0.01881754,2.19309954,-0.08556240
7.44494738,-0.01778195,2.19541425,-0.08459725
7.44733975,-0.01746632,2.19611973,-0.08430309
7.47205616,-0.01420546,2.20340826,-0.08126406
7.63059309,0.00000000,2.25015866,-0.06177095
7.58402616,-0.00610266,2.23642670,-0.06749665
7.63017026,-0.00005541,2.22058300,-0.07410286
7.70822453,0.00000000,2.19786713,-0.08357450
7.63736384,-0.00919287,2.17546456,-0.09291550
7.70959082,0.00000000,2.15271560,-0.10240093
7.74822755,0.00000000,2.16135125,-0.09880020
7.72364909,-0.00317214,2.16604601,-0.09684267
7.69436880,-0.00695111,2.15566850,-0.10116969
7.49551886,-0.03261503,2.09995834,-0.12439867
7.48902058,-0.03345371,2.09967895,-0.12451517
7.54726599,-0.02593646,2.11390940,-0.11858162
7.57150929,-0.02280757,2.12069969,-0.11575033
7.53258895,-0.02783070,2.10979851,-0.12029570
7.61212461,-0.01756569,2.13207561,-0.11100701
7.59781088,-0.01941304,2.13395266,-0.11022435
7.45938147,-0.03727899,2.09293885,-0.12732552
7.40627273,-0.04413330,2.07803771,-0.13353873
7.53112065,-0.02802020,2.11306730,-0.11893274
7.54817522,-0.02581911,2.11785243,-0.11693753
7.57057619,-0.02292800,2.10944936,-0.12044128
7.65042996,-0.01262193,2.12959020,-0.11204333
7.73360962,-0.00188662,2.10430654,-0.12258564
7.72811758,-0.00259543,2.10580091,-0.12196254
7.67886216,-0.00895242,2.11922231,-0.11636634
7.72367085,-0.00316933,2.10685595,-0.12152263
7.81503882,0.00000000,2.12967236,-0.11200907
7.90604444,0.00000000,2.10274279,-0.12323766
7.92814342,0.00000000,2.09686520,-0.12568839
7.85704189,-0.00896824,2.08015687,-0.13265512
7.88975610,-0.00484191,2.08881798,-0.12904377
7.88370063,-0.00560570,2.08721479,-0.12971224
7.85763022,-0.00889404,2.08031263,-0.13259017
7.64407642,-0.03583020,2.02377412,-0.15616454
7.57616679,-0.04439585,2.00579501,-0.16366114
7.56789313,-0.04543943,2.00597967,-0.16358414
7.60978956,-0.04015491,2.01507894,-0.15979009
7.62137302,-0.03869385,2.00999655,-0.16190925
7.58447398,-0.04334804,1.99825511,-0.16680498
7.61210052,-0.03986342,1.98897819,-0.17067310
7.53269404,-0.04987919,2.00972644,-0.16202188
7.54376152,-0.04848322,2.01066952,-0.16162865
7.60482683,-0.04078087,2.02694551,-0.15484219
7.54378091,-0.04848077,2.01067469,-0.16162650
7.57100073,-0.04504746,2.00140900,-0.16548993
7.55452103,-0.04712609,2.00576545,-0.16367346
7.58775345,-0.04293439,2.01258306,-0.16083078
7.60766972,-0.04042229,2.01786567,-0.15862813
7.64648882,-0.03552592,2.00555139,-0.16376271
7.51295852,-0.05236849,1.96852298,-0.17920212
7.46273119,-0.05870381,1.95536257,-0.18468951
7.46145243,-0.05886510,1.95502751,-0.18482921
7.45582229,-0.05957525,1.95454768,-0.18502929
7.33586926,-0.07470528,1.98599343,-0.17191763
7.36308102,-0.07127298,1.99137430,-0.16967401
7.46242727,-0.05874214,1.96251434,-0.18170750
7.42518479,-0.06343965,1.95075758,-0.18660961
7.49331189,-0.05484658,1.93090835,-0.19488597
7.48757098,-0.05557069,1.93238769,-0.19426914
7.36494121,-0.07103835,1.89880709,-0.20827096
7.31671407,-0.07712138,1.88637331,-0.21345536
7.32891903,-0.07558193,1.88951996,-0.21214333
7.27308491,-0.08262445,1.87512497,-0.21814548
7.27091258,-0.08289845,1.87456491,-0.21837901
7.24914701,-0.08564381,1.86895337,-0.22071880
7.16346196,-0.09645152,1.84686231,-0.22992992
7.15684779,-0.09728578,1.84515706,-0.23064094
6.99343054,-0.11789808,1.88544365,-0.21384299
7.03057400,-0.11321307,1.89357216,-0.21045372
6.95554132,-0.12267716,1.87336331,-0.21888002
6.88245199,-0.13189613,1.89117539,-0.21145308
6.86979266,-0.13349289,1.89465395,-0.21000265
6.87738711,-0.13253498,1.89255944,-0.21087598
6.91057002,-0.12834952,1.89979835,-0.20785764
6.86277168,-0.13437846,1.88665801,-0.21333665
6.86529442,-0.13406026,1.88407782,-0.21441249
6.83890801,-0.13738846,1.88755102,-0.21296430
6.84490133,-0.13663250,1.88731764,-0.21306161
6.85293622,-0.13561904,1.88953307,-0.21213786
6.85961743,-0.13477632,1.88580135,-0.21369384
6.87149264,-0.13327846,1.89095181,-0.21154630
6.88603438,-0.13144427,1.89495352,-0.20987774
6.90924331,-0.12851686,1.88667175,-0.21333092
6.89947089,-0.12974949,1.88211657,-0.21523026
6.90070121,-0.12959430,1.88245219,-0.21509031
6.88484738,-0.13159399,1.87812740,-0.21689358
6.85140740,-0.13581187,1.86900526,-0.22069716
6.86967105,-0.13350823,1.87398743,-0.21861979
6.90114239,-0.12953865,1.88257254,-0.21504013
6.90671486,-0.12883578,1.87916985,-0.21645892
7.07617373,-0.10746144,1.92339683,-0.19801799
7.08534278,-0.10630492,1.92588910,-0.19697881
7.07905495,-0.10709802,1.92567232,-0.19706919
7.02812952,-0.11352139,1.93952526,-0.19129305
6.99248523,-0.11801731,1.94936187,-0.18719157
7.01544245,-0.11512165,1.94296187,-0.18986012
7.10512730,-0.10380944,1.91812320,-0.20021688
7.11281408,-0.10283988,1.91828022,-0.20015141
7.12882006,-0.10082100,1.91204523,-0.20275116
7.15784745,-0.09715969,1.90425970,-0.20599743
7.13206010,-0.10041233,1.89930355,-0.20806395
7.21973738,-0.08935333,1.92265245,-0.19832836
7.51822263,-0.05170451,2.00214057,-0.16518489
7.45135848,-0.06013828,2.01794469,-0.15859519
7.48683351,-0.05566371,2.02553394,-0.15543076
7.49179991,-0.05503729,2.02216477,-0.15683558
7.52256960,-0.05115622,2.00981517,-0.16198488
7.52167509,-0.05126904,2.01005416,-0.16188523
7.54793445,-0.04795687,2.01506152,-0.15979736
7.55617403,-0.04691759,2.01726123,-0.15888016
7.55727892,-0.04677823,2.01494900,-0.15984427
7.53939652,-0.04903379,2.01971687,-0.15785626
7.43502453,-0.06219853,1.98973711,-0.17035666
7.43973281,-0.06160466,1.98648736,-0.17171168
7.40040572,-0.06656510,1.97797310,-0.17526179
7.40872017,-0.06551638,1.98019537,-0.17433519
7.36873639,-0.07055965,1.96950855,-0.17879118
7.43500390,-0.06220114,1.98722046,-0.17140600
7.46924276,-0.05788249,1.97608191,-0.17605034
7.38224937,-0.06885522,1.99514494,-0.16810180
7.40986086,-0.06537250,1.98768259,-0.17121331
7.41962385,-0.06414107,1.98831382,-0.17095011
7.43198038,-0.06258250,1.98301419,-0.17315985
7.41548181,-0.06466351,1.98741637,-0.17132431
7.42045513,-0.06403621,1.98676185,-0.17159722
7.49698788,-0.05438291,1.96428412,-0.18096957
7.43117985,-0.06268347,1.94507749,-0.18897799
7.28218066,-0.08147718,1.98213227,-0.17352758
7.28948123,-0.08055634,1.98213727,-0.17352549
7.30220131,-0.07895192,1.97669633,-0.17579416
7.36134533,-0.07149191,1.96068612,-0.18246980
7.37390962,-0.06990714,1.95341826,-0.18550021
7.40222375,-0.06633579,1.94201074,-0.19025670
7.37767239,-0.06943253,1.93362756,-0.19375217
7.39454339,-0.06730454,1.93804931,-0.19190847
7.38246118,-0.06882850,1.93488266,-0.19322884
7.47195521,-0.05754036,1.95833831,-0.18344874
7.62184561,-0.03863424,1.99762336,-0.16706839
7.73484580,-0.02438120,2.02723979,-0.15471949
7.73759343,-0.02403463,2.02449242,-0.15586504
7.74814320,-0.02270396,2.02522821,-0.15555824
7.75803048,-0.02145684,2.02061862,-0.15748026
7.66053918,-0.03375371,2.04601072,-0.14689274
7.77261518,-0.01961723,2.01607697,-0.15937395
7.78221656,-0.01840618,2.01358654,-0.16041237
7.75973957,-0.02124127,2.01940229,-0.15798743
7.82425299,-0.01310400,2.03417192,-0.15182906
7.86628906,-0.00780187,2.04510058,-0.14727223
7.82827683,-0.01259647,2.03521805,-0.15139286
7.95013912,0.00000000,2.06690016,-0.13818265
7.92969655,-0.00257135,2.06158544,-0.14039868
7.93798337,-0.00152900,2.06373987,-0.13950037
7.91875542,-0.00394757,2.05874094,-0.14158473
7.92486619,-0.00317893,2.05509350,-0.14310557
7.91186973,-0.00481368,2.05846377,-0.14170030
7.84376108,-0.01338065,2.07618388,-0.13431170
7.86343078,-0.01090652,2.07097746,-0.13648258
7.91997397,-0.00379429,2.05608578,-0.14269183
7.87140868,-0.00990303,2.06869370,-0.13743481
7.91734213,-0.00412533,2.08283422,-0.13153877
8.14400643,0.00000000,2.14246334,-0.10667573
8.10291962,-0.00504504,2.13165453,-0.11118258
8.06918084,-0.00918781,2.12277879,-0.11488343
8.06221236,-0.01004347,2.12094558,-0.11564781
8.05495321,-0.01093482,2.12073431,-0.11573589
7.94597110,-0.02431670,2.09416188,-0.12681557
7.95936592,-0.02267195,2.09769209,-0.12534361
7.90510450,-0.02933469,2.08339148,-0.13130641
7.89282118,-0.03084296,2.08454536,-0.13082529
7.86655549,-0.03406811,2.07969297,-0.13284855
7.83906574,-0.03744357,2.07242546,-0.13587882
7.87562438,-0.03295455,2.08209052,-0.13184886
7.90084707,-0.02985746,2.08875868,-0.12906849
7.80852040,-0.04119422,2.06435014,-0.13924591
7.68635906,-0.05619438,2.03205417,-0.15271208
7.77254760,-0.04561131,2.05483996,-0.14321129
7.79367742,-0.04301679,2.06042608,-0.14088209
7.83061631,-0.03848107,2.07019167,-0.13681022
7.88500295,-0.03180296,2.08456995,-0.13081503
7.94519254,-0.02441230,2.10048236,-0.12418017
7.89756550,-0.03026040,2.08789113,-0.12943023
7.88394668,-0.03193266,2.08429070,-0.13093147
7.92280072,-0.02716178,2.09456260,-0.12664848
7.87658760,-0.03283627,2.10468547,-0.12242764
7.94054609,-0.02498283,2.08759526,-0.12955360
8.02594546,-0.01449667,2.06514349,-0.13891511
8.15713876,0.00000000,2.10096578,-0.12397861
8.02329280,-0.01640845,2.13333840,-0.11048048
7.97260381,-0.02262251,2.14681625,-0.10486074
7.99392906,-0.02000820,2.15470540,-0.10157127
8.09264391,-0.00790655,2.18131327,-0.09047681
8.04900931,-0.01325581,2.16955188,-0.09538086
7.98048628,-0.02165618,2.15108200,-0.10308208
7.93628874,-0.02707445,2.13916887,-0.10804940
7.96707318,-0.02330052,2.14746659,-0.10458957
7.99429867,-0.01996289,2.13798070,-0.10854482
7.92544586,-0.02840370,2.15639457,-0.10086695
7.99139684,-0.02031864,2.13845030,-0.10834901
7.93706826,-0.02697888,2.15298830,-0.10228723
7.98994617,-0.02049647,2.16517884,-0.09720425
7.99953622,-0.01932081,2.16041487,-0.09919064
7.93840101,-0.02681550,2.17692551,-0.09230634
7.95888618,-0.02430418,2.18036618,-0.09087172
8.00078730,-0.01916744,2.16670684,-0.09656713
8.02057129,-0.01674208,2.16134911,-0.09880110
7.99555135,-0.01980932,2.16809137,-0.09598983
8.01388164,-0.01756218,2.16312089,-0.09806233
7.99517611,-0.01985533,2.15590874,-0.10106952
8.03149093,-0.01540342,2.16570108,-0.09698649
8.03151689,-0.01540024,2.16352837,-0.09789243
8.05406483,-0.01263604,2.15312736,-0.10222925
8.06936793,-0.01076000,2.14473006,-0.10573060
8.13418882,-0.00281348,2.16410332,-0.09765270
8.13407530,-0.00282740,2.16407311,-0.09766529
8.12861196,-0.00349716,2.16261959,-0.09827135
8.14652226,-0.00130150,2.16738463,-0.09628452
8.19184479,0.00000000,2.17944270,-0.09125677
8.23836348,0.00000000,2.19181902,-0.08609632
8.08076520,-0.01912980,2.14988995,-0.10357912
8.04797597,-0.02310987,2.15646364,-0.10083815
8.15739224,-0.00982856,2.18362538,-0.08951275
8.14837018,-0.01092369,2.18121030,-0.09051975
8.09625721,-0.01724933,2.16726035,-0.09633634
8.15466274,-0.01015987,2.14945871,-0.10375893
8.14786075,-0.01098552,2.15125162,-0.10301136
8.21707220,-0.00258441,2.13297796,-0.11063077
8.23462048,-0.00045434,2.12842280,-0.11253009
8.20602680,-0.00392513,2.11890369,-0.11649919
8.20475833,-0.00407911,2.11857616,-0.11663576
8.13498264,-0.01254871,2.10055916,-0.12414815
8.12876608,-0.01330330,2.10006380,-0.12435470
8.07237572,-0.02014815,2.08339530,-0.13130482
8.24756894,0.00000000,2.12861083,-0.11245169
8.20007938,-0.00575801,2.13873877,-0.10822873
8.22350110,-0.00291817,2.14270887,-0.10657335
8.23955694,-0.00097144,2.14689237,-0.10482900
8.26486456,0.00000000,2.15348650,-0.10207950
8.25376229,-0.00134331,2.15059370,-0.10328569
8.20068585,-0.00776525,2.16227266,-0.09841601
8.20720837,-0.00697606,2.16183018,-0.09860051
8.21432496,-0.00611499,2.16370473,-0.09781889
8.13034823,-0.01627569,2.14158473,-0.10704208
8.13040515,-0.01626880,2.14159973,-0.10703582
8.15734722,-0.01300897,2.14869644,-0.10407677
8.26009744,-0.00057679,2.17576149,-0.09279169
8.25104855,-0.00167166,2.17337796,-0.09378553
8.23746779,-0.00331485,2.16980070,-0.09527711
8.25523006,-0.00116572,2.17447939,-0.09332628
8.23625493,-0.00346160,2.16948122,-0.09541032
8.22815158,-0.00444206,2.16734675,-0.09630031
8.26435575,-0.00006156,2.17688316,-0.09232400
8.26417990,-0.00008284,2.17683684,-0.09234331
8.28530138,0.00000000,2.18240037,-0.09002354
8.23420578,-0.00616702,2.16894146,-0.09563538
8.25105325,-0.00413360,2.17337919,-0.09378502
8.28182121,-0.00042004,2.18148367,-0.09040576
8.27223914,-0.00157656,2.18182616,-0.09026296
8.26257488,-0.00274299,2.18437513,-0.08920013
8.28271549,-0.00031211,2.17905057,-0.09142027
8.10048774,-0.02230621,2.22699179,-0.07143064
8.16321716,-0.01473504,2.20974617,-0.07862140
8.25624636,-0.00350682,2.18456358,-0.08912156
8.37641215,0.00000000,2.21854345,-0.07495327
8.37897192,0.00000000,2.21922142,-0.07467058
8.35882017,-0.00240504,2.21388410,-0.07689604
8.46615188,0.00000000,2.24231156,-0.06504289
8.46222732,-0.00046356,2.24127211,-0.06547630
8.43719713,-0.00342006,2.24566024,-0.06364662
8.38413175,-0.00968801,2.22929060,-0.07047213
8.37578933,-0.01067339,2.22927951,-0.07047675
8.44803071,-0.00214043,2.24627781,-0.06338911
8.37771947,-0.01044541,2.22758250,-0.07118434
8.40053460,-0.00775054,2.21928852,-0.07464260
8.28129598,-0.02183470,2.25078948,-0.06150792
8.19045274,-0.03256487,2.22834981,-0.07086440
8.20629419,-0.03069372,2.22181153,-0.07359061
8.20809350,-0.03048119,2.22132437,-0.07379373
8.24818007,-0.02574627,2.21047590,-0.07831713
8.24818007,-0.02574627,nan,nan
